productName,SKU,productType,productSection,productOrder,complSheets,complCurtains,complPillowCovers,complCushions,complDecoration,pageTemplate,pageTitle,pageSubtitle,pageCopys,pageResources,pageKeywords,pageVideos,pageStatus,pageRelatedProducts,pageIcons,pageSeoDescription,pageSeoTitle
Edredón Baby Voga Ccc Muselina Mint,88517,Edredón Baby Voga,Página 1 / Edredones,1,['88625'],['88742'],['88756'],[],['88500'],EdredonVoga,muselina mint,edredón baby,[],['#e4dadc' '#ac8b8d'],[],[],Activa,[],[],,
Edredón Baby Voga Ccc Sky,88886,Edredón Baby Voga,Página 1 / Edredones,2,['23033'],['87977'],['88756'],[],['87251'],EdredonVoga,sky,edredón baby,[],['#e6ebee' '#9cb1c1'],[],['/videos/bebe/productos/EDREDON VOGA SKY VERTICAL.mp4'],Activa,[],[],,
Edredón Cuna Cute,88839,Edredón,Página 1 / Edredones,3,[],[],[],[],[],JuegoDeCuna,cute,juego de cuna baby,[],['#f6f2f3' '#ba91b4'],[],[],Activa,[],[],,
Edredón Baby Voga Ccc Florencia,88876,Edredón Baby Voga,Página 1 / Edredones,4,['88623'],['88742'],['88756'],[],['88242'],EdredonVoga,florencia,edredón baby,[],['#ede2db' '#ac8b8d'],[],['/videos/bebe/productos/EDREDON FLORENCIA VERTICAL.mp4'],Activa,[],[],,
Edredón Cuna Baby Marinero,88842,Edredón,Página 1 / Edredones,5,[],[],[],[],[],JuegoDeCuna,baby marinero,juego de cuna baby,[],['#f3efe6' '#3d4564'],[],[],Activa,[],[],,
Edredón Baby Voga Ccc Stars,88518,Edredón Baby Voga,Página 1 / Edredones,6,['23033'],['87977'],['88756'],[],['87251'],EdredonVoga,stars,edredón baby,[],['#d5dfe6' '#738fa4'],[],[],Activa,[],[],,
Edredón Cuna Conejita,87895,Edredón,Página 1 / Edredones,7,[],[],[],[],[],JuegoDeCuna,conejita,juego de cuna baby,[],['#f0e8e3' '#bc7a73'],[],[],Activa,[],[],,
Edredón Cuna Elephant,52226,Edredón,Página 1 / Edredones,8,[],[],[],[],[],JuegoDeCuna,elephant,juego de cuna baby,[],['#faf9f7' '#375d86'],[],[],Activa,[],[],,
Edredón Cuna Magic,88833,Edredón,Página 1 / Edredones,9,[],[],[],[],[],JuegoDeCuna,magic,juego de cuna baby,[],['#fcf7f4' '#d78b90'],[],[],Activa,[],[],,
Edredón Cuna Ballenita,88836,Edredón,Página 1 / Edredones,10,[],[],[],[],[],JuegoDeCuna,ballenita,juego de cuna baby,[],['#f3efe6' '#3d4564'],[],[],Activa,[],[],,
Edredón Baby Voga Ccc Parches,86861,Edredón Baby Voga,Página 1 / Edredones,11,['23033'],['87977'],['88756'],[],['87251'],EdredonVoga,parches,edredón baby,[],['#e9eef2' '#aabbc7'],[],[],Activa,[],[],,
Edredón Baby Voga Ccc Iris,87909,Edredón Baby Voga,Página 1 / Edredones,12,['88787'],['87977'],['88756'],[],['88219'],EdredonVoga,iris,edredón baby,[],['#ceb6b2' '#b5918e'],[],[],Activa,[],[],,
Edredón Ccc Baby Jirafa,86911,Edredón,Página 1 / Edredones,13,[],[],[],[],[],JuegoDeCuna,baby jirafa,juego de cuna baby,[],['#f9f7f7' '#ab88a3'],[],[],Activa,[],[],,
Edredón Cuna Baby Rex,86925,Edredón,Página 1 / Edredones,14,[],[],[],[],[],JuegoDeCuna,baby rex,juego de cuna baby,[],['#deebf1' '#264775'],['#' '#'],[],Activa,[],[],,
Cobija Baby Voga Carriola Rosa,88797,Cobija Baby Voga,Página 2 / Cobertores,1,['88623'],['88756'],[],[],[],Cobertor,rosa,cobija baby voga,[],['#dbcec8' '#c3aea3'],[],[],Activa,[],[],,
Cobija Baby Voga Carriola Azul,88798,Cobija Baby Voga,Página 2 / Cobertores,2,['88785'],['88756'],[],[],[],Cobertor,azul,cobija baby voga,[],['#dadbdd' '#c1c3c7'],[],[],Activa,[],[],,
Manta Baby Voga Carriola Stars,88796,Manta Baby Voga,Página 2 / Cobertores,3,['23033'],['88756'],[],[],[],Cobertor,stars,manta baby voga,[],['#edeff2' '#e2e5e9'],[],[],Activa,[],[],,
Manta Baby Voga Carriola Muselina Mint,88795,Manta Baby Voga,Página 2 / Cobertores,4,['88625'],['88756'],[],[],[],Cobertor,muselina mint,manta baby voga,[],['#e4e7e5' '#d2d7d5'],[],[],Activa,[],[],,
Cobertor Baby Ligero Carriola Sweet Dino,87822,Cobertor Baby Ligero,Página 2 / Cobertores,5,['88621'],['88756'],[],[],[],Cobertor,sweet dino,cobertor baby ligero,[],['#efecec' '#e5e0e0'],[],[],Activa,[],[],,
Cobertor Baby Ligero Carriola Ballenita,88722,Cobertor Baby Ligero,Página 2 / Cobertores,6,['88625'],['88756'],[],[],[],Cobertor,ballenita,cobertor baby ligero,[],['#ededed' '#e2e1e2'],[],[],Activa,[],[],,
Cobertor Baby Ligero Carriola Pelotas,55118,Cobertor Baby Ligero,Página 2 / Cobertores,7,['23033'],['88756'],[],[],[],Cobertor,pelotas,cobertor baby ligero,[],['#e3e3e6' '#d1d1d6'],[],[],Activa,[],[],,
Cobertor Baby Ligero Carriola Jirafita,88723,Cobertor Baby Ligero,Página 2 / Cobertores,8,['88787'],['88756'],[],[],[],Cobertor,jirafita,cobertor baby ligero,[],['#e8e2e7' '#d9d0d8'],[],[],Activa,[],[],,
Cobertor Baby Ligero Cuna Florencia,88812,Cobertor Baby Ligero,Página 2 / Cobertores,9,['88226'],['88756'],[],[],[],Cobertor,florencia,cobertor baby ligero,[],['#fbf4f3' '#f9eeeb'],[],['/videos/bebe/productos/COBERTOR FLORENCIA VERTICAL.mp4'],Activa,[],[],,
Cobertor Baby Ligero Cuna Dinos,88728,Cobertor Baby Ligero,Página 2 / Cobertores,10,['23033'],['88756'],[],[],[],Cobertor,dinos,cobertor baby ligero,[],['#e1e5e6' '#cdd4d5'],[],['/videos/bebe/productos/COBERTOR DINOS VERTICAL.mp4'],Activa,[],[],,
Cobertor Baby Ligero Cuna Friends,52544,Cobertor Baby Ligero,Página 2 / Cobertores,11,['23033'],['88756'],[],[],[],Cobertor,friends,cobertor baby ligero,[],['#c8c3c0' '#a49b97'],[],[],Activa,[],[],,
Cobertor Baby Ligero Cuna Happy,88724,Cobertor Baby Ligero,Página 2 / Cobertores,12,['88500'],['88756'],[],[],[],Cobertor,happy,cobertor baby ligero,[],['' ''],[],[],Activa,[],[],,
Cobertor Baby Ligero Cuna Conejitas,86897,Cobertor Baby Ligero,Página 2 / Cobertores,13,['88621'],['88756'],[],[],[],Cobertor,conejitas,cobertor baby ligero,[],['#e7dad2' '#d7c2b4'],[],[],Activa,[],[],,
Cobertor Baby Ligero Cuna Forest,88814,Cobertor Baby Ligero,Página 2 / Cobertores,14,['88785'],['88756'],[],[],[],Cobertor,forest,cobertor baby ligero,[],['#e4dbd5' '#d3c3b9'],[],[],Activa,[],[],,
Cobertor Baby Ligero Cuna Lila,88730,Cobertor Baby Ligero,Página 2 / Cobertores,15,['88623'],['88756'],[],[],[],Cobertor,lila,cobertor baby ligero,[],['#ece5e7' '#e0d5d7'],[],[],Activa,[],[],,
Cobertor Baby Ligero Cuna Azul,88726,Cobertor Baby Ligero,Página 2 / Cobertores,16,['87251'],['88756'],[],[],[],Cobertor,azul,cobertor baby ligero,[],['#e8e8e7' '#dad9d8'],[],[],Activa,[],[],,
Cobertor Baby Nórdico Cuna Elephant,55128,Cobertor Baby Nórdico,Página 2 / Cobertores,17,['23033'],['88756'],[],[],[],Cobertor,elephant,cobertor baby nórdico,[],['#f1f0f0' '#e8e7e6'],[],[],Activa,[],[],,
Cobertor Baby Nórdico Cuna Spring,86894,Cobertor Baby Nórdico,Página 2 / Cobertores,18,['88623'],['88756'],[],[],[],Cobertor,spring,cobertor baby nórdico,[],['#eee5e0' '#e3d4cc'],[],[],Activa,[],[],,
Cobertor Baby Nórdico Cuna Menta,88732,Cobertor Baby Nórdico,Página 2 / Cobertores,19,['87251'],['88756'],[],[],[],Cobertor,menta,cobertor baby nórdico,[],['#f2f4f2' '#eaeee9'],[],['/videos/bebe/productos/COBERTOR NORDICO MENTA VERTICAL.mp4'],Activa,[],[],,
Cobertor Baby Nórdico Cuna Iris,88734,Cobertor Baby Nórdico,Página 2 / Cobertores,20,['88219'],['88756'],[],[],[],Cobertor,iris,cobertor baby nórdico,[],['#e8e2e1' '#d9d0cd'],[],['/videos/bebe/productos/COBERTOR NORDICO IRIS VERTICAL.mp4'],Activa,[],[],,
Cobertor Baby Siberia Cuna Dinosaurios,55137,Cobertor Baby Siberia,Página 2 / Cobertores,21,['23033'],['88756'],[],[],[],Cobertor,dinosaurios,cobertor baby siberia,[],['#f8f8f8' '#f3f4f4'],[],[],Activa,[],[],,
Cobertor Baby Siberia Cuna Sweet,88720,Cobertor Baby Siberia,Página 2 / Cobertores,22,['88621'],['88756'],[],[],[],Cobertor,sweet,cobertor baby siberia,[],['#e6dfda' '#d6cac2'],[],[],Activa,[],[],,
Cobertor Baby Siberia Cuna Blue,88736,Cobertor Baby Siberia,Página 2 / Cobertores,23,['88785'],['88756'],[],[],[],Cobertor,blue,cobertor baby siberia,[],['#e7e4e0' '#d8d3cb'],[],['/videos/bebe/productos/COBERTOR SIBERIA BLUE VERTICAL.mp4'],Activa,[],[],,
Cobertor Baby Siberia Cuna Lila,88738,Cobertor Baby Siberia,Página 2 / Cobertores,24,['88500'],['88756'],[],[],[],Cobertor,lila,cobertor baby siberia,[],['#e6e0df' '#d6cbca'],[],['/videos/bebe/productos/COBERTOR SIBERIA LILA VERTICAL.mp4'],Activa,[],[],,
Cobertor Baby Siberia Cuna Nubes,86892,Cobertor Baby Siberia,Página 2 / Cobertores,25,['87252'],['88756'],[],[],[],Cobertor,nubes,cobertor baby siberia,[],['#dfd6d3' '#cbbbb6'],[],[],Activa,[],[],,
Cobertor Baby Siberia Cuna Safari,88718,Cobertor Baby Siberia,Página 2 / Cobertores,26,['23033'],['88756'],[],[],[],Cobertor,safari,cobertor baby siberia,[],['#e9eaeb' '#daddde'],[],[],Activa,[],[],,
Cobertor Baby Siberia Cuna Stars,54852,Cobertor Baby Siberia,Página 2 / Cobertores,27,['88623'],['88756'],[],[],[],Cobertor,stars,cobertor baby siberia,[],['#f0edea' '#e7e1dd'],[],[],Activa,[],[],,
Cobertor Baby Siberia Cuna Cozy,87873,Cobertor Baby Siberia,Página 2 / Cobertores,28,['88219'],['88756'],[],[],[],Cobertor,cozy,cobertor baby siberia,[],['#cfcfd1' '#b0b0b2'],[],[],Activa,[],[],,
Bolsa De Regalo Bebé 24-25,88756,Bolsa De Regalo,Página 2 / Cobertores,29,[],[],[],[],[],Sublinea,bolsa de regalo bebé 24-25,,[],['#f2f2f2'],[],[],Activa,[],[],,
Sleep Bag 2-4 Años Azul,86941,Sleep Bags,Página 3 / Accesorios,1,[],[],[],[],[],Sublinea,azul,,[],['#dae5ea'],[],[],Activa,[],[],,
Sleep Bag 2-4 Años Lila,88819,Sleep Bags,Página 3 / Accesorios,2,[],[],[],[],[],Sublinea,lila,,[],['#ebe3e5'],[],[],Activa,[],[],,
Sleep Bag 2-4 Años Ballenita,88820,Sleep Bags,Página 3 / Accesorios,3,[],[],[],[],[],Sublinea,ballenita,,[],['#dbe1df'],[],[],Activa,[],[],,
Sleep Bag 2-4 Años Jirafita,88880,Sleep Bags,Página 3 / Accesorios,4,[],[],[],[],[],Sublinea,jirafita,,[],['#f1ebef'],[],[],Activa,[],[],,
Toalla Baby Unicornio,88520,Toallas Baby,Página 3 / Accesorios,5,[],[],[],[],[],Sublinea,unicornio,,[],['#f6ece8'],[],[],Activa,[],[],,
Toalla Baby Dino,88519,Toallas Baby,Página 3 / Accesorios,6,[],[],[],[],[],Sublinea,dino,,[],['#f5e9e2'],[],[],Activa,[],[],,
Toallitas Faciales Rex,87737,Toallitas Faciales,Página 3 / Accesorios,7,[],[],[],[],[],Sublinea,rex,,[],['INDIVIDUAL'],[],[],Activa,[],[],,
Toallitas Faciales Conejita,88712,Toallitas Faciales,Página 3 / Accesorios,8,[],[],[],[],[],Sublinea,conejita,,[],['#f1ebe7'],[],[],Activa,[],[],,
Kit De Regalo Muselina Conejitas,88846,Kits De Regalo,Página 3 / Accesorios,9,[],[],[],[],[],Sublinea,muselina conejitas,,[],['INDIVIDUAL'],[],[],Activa,[],[],,
Kit De Regalo Muselina Dino,88847,Kits De Regalo,Página 3 / Accesorios,10,[],[],[],[],[],Sublinea,muselina dino,,[],['INDIVIDUAL'],[],[],Activa,[],[],,
Kit De Regalo Blue,88848,Kits De Regalo,Página 3 / Accesorios,11,[],[],[],[],[],Sublinea,blue,,[],['INDIVIDUAL'],[],[],Activa,[],[],,
Kit De Regalo Lila,88849,Kits De Regalo,Página 3 / Accesorios,12,[],[],[],[],[],Sublinea,lila,,[],['INDIVIDUAL'],[],[],Activa,[],[],,
Lima De Uñas Baby,88706,Lima De Uñas,Página 3 / Accesorios,13,[],['88706-2'],[],[],['88706-3'],AmbienteConMiniambiente,lima de uñas baby,,[],['#' 'DOBLE' 'NADA'],[],[],Activa,[],[],,
Tapete De Juego Moon,88606,Tapete De Juego,Página 3 / Accesorios,14,[],[],[],[],[],Sublinea,juego moon,,[],['#f8f7f8'],[],[],Activa,[],[],,
Almohada Lactancia Washed Gris,88741,Almohadas,Página 4 / Básicos,1,[],[],[],[],[],Almohadas,lactancia washed gris,,[],[''],[],[],Activa,[],[],,
Funda De Almohada Lactancia Alpes Gris,24924,Almohadas,Página 4 / Básicos,2,[],[],[],[],[],Almohadas,lactancia alpes gris,,[],[''],[],[],Activa,[],[],,
Almohada Body Comfort Washed Gris,88845,Almohadas,Página 4 / Básicos,3,[],[],[],[],[],Almohadas,body comfort washed gris,,[],['#ebeae9'],[],[],Activa,[],[],,
Almohada Viafoam Antireflujo Baby,86860,Almohadas,Página 4 / Básicos,4,[],[],[],[],[],Almohadas,viafoam antireflujo baby,,[],['#f3f2f2'],['viafoam'],[],Activa,[],[],,
Almohada Pocket,35646,Almohadas,Página 4 / Básicos,5,[],[],[],[],[],Almohadas,pocket,,[],['#f0f0f0'],[],[],Activa,[],[],,
Protector De Colchón Cuna Impermeable Baby,36111,Almohadas,Página 4 / Básicos,6,[],[],[],[],[],Almohadas,impermeable baby,,[],['#f8f9fa'],[],[],Activa,[],[],,
Sabanitas Franela Happy,88818,Par de Sabanitas Franela,Página 4 / Básicos,7,[],[],[],[],[],Sublinea,happy,,[],['INDIVIDUAL'],[],[],Activa,[],[],,
Sabanitas Franela Dinosaurios,87916,Par de Sabanitas Franela,Página 4 / Básicos,8,[],[],[],[],[],Sublinea,dinosaurios,,[],['INDIVIDUAL'],[],[],Activa,[],[],,
Sabanitas Pol Rex,88791,Par de Sabanitas Pol,Página 4 / Básicos,9,[],[],[],[],[],Sublinea,rex,,[],['#f4f5f7'],[],[],Activa,[],[],,
Sabanitas Pol Conejita,88792,Par de Sabanitas Pol,Página 4 / Básicos,10,[],[],[],[],[],Sublinea,conejita,,[],['#edeeef'],[],[],Activa,[],[],,
Sabanita Pol Elephant,21709,Sabanitas Pol,Página 4 / Básicos,11,[],[],[],[],[],Sublinea,elephant,,[],['#dfd2cd'],[],[],Activa,[],[],,
Sabanita Pol Sweet Dino,87646,Sabanitas Pol,Página 4 / Básicos,12,[],[],[],[],[],Sublinea,sweet dino,,[],['#efedef'],[],[],Activa,[],[],,
Sábana Camiseta Cuna Lila,88787,Sábanas Camiseta,Página 4 / Básicos,13,[],[],[],[],[],VariantesDeColor,lila,,[],['#e6dcdc' '#ae8c8b'],[],[],Activa,[],[],,
Sábana Camiseta Cuna Celeste,88785,Sábanas Camiseta,Página 4 / Básicos,14,[],[],[],[],[],VariantesDeColor,celeste,,[],['#dde5e6' '#8ea9ae'],[],[],Activa,[],[],,
Sábana Camiseta Cuna Gris,23033,Sábanas Camiseta,Página 4 / Básicos,15,[],[],[],[],[],VariantesDeColor,gris,,[],['#f1eeec' '#d1c7c1'],[],[],Activa,[],[],,
Sábana Viasoft Washed Cuna Mint,88625,Sábanas Viasoft Washed,Página 4 / Básicos,16,[],[],[],[],[],VariantesDeColor, mint,,[],['#e4eaea' '#a6bcba'],['viasoft'],[],Activa,[],[],,
Sábana Viasoft Washed Cuna Rose,88621,Sábanas Viasoft Washed,Página 4 / Básicos,17,[],[],[],[],[],VariantesDeColor, rose,,[],['#f1e6e2' '#d2aca1'],['viasoft'],[],Activa,[],[],,
Sábana Viasoft Washed Cuna Greige,88623,Sábanas Viasoft Washed,Página 4 / Básicos,18,[],[],[],[],[],VariantesDeColor, greige,,[],['#eceae7' '#c2baaf'],['viasoft'],[],Activa,[],[],,
Protector De Barandal Ccc Glaciar,87977,Protectores De Barandal,Página 4 / Básicos,19,[],[],[],[],[],Sublinea, glaciar,,[],['#e5e4e4'],[],[],Activa,[],[],,
Protector De Barandal Ccc Lila,88742,Protectores De Barandal,Página 4 / Básicos,20,[],[],[],[],[],Sublinea, lila,,[],['#e7e0df'],[],[],Activa,[],[],,
Mosquitero Plegable Baby Gris,87282,Mosquitero Plegable,Página 4 / Básicos,21,[],['87282-2'],[],[],['87282-3'],AmbienteConMiniambiente,mosquitero plegable baby gris,,[],['#' 'DOBLE' 'NADA'],[],[],Activa,[],[],,
Cortinas Blackout Larga Catania Celeste,88414,Cortinas Blackout,Página 4 / Básicos,22,[],[],[],[],[],VariantesDeColor,catania celeste,,[],['#e0e6e8' '#98aeb5'],[],[],Activa,[],[],,
Cortinas Blackout Larga Catania Beige,63930,Cortinas Blackout,Página 4 / Básicos,23,[],[],[],[],[],VariantesDeColor,catania beige,,[],['#fbf7e5' '#f4e6ab'],[],[],Activa,[],[],,
Cortinas Blackout Larga Catania Gris,63961,Cortinas Blackout,Página 4 / Básicos,24,[],[],[],[],[],VariantesDeColor,catania gris,,[],['#d3d1d2' '#6d6869'],[],[],Activa,[],[],,
Cortinas Blackout Larga Catania Marino,63946,Cortinas Blackout,Página 4 / Básicos,25,[],[],[],[],[],VariantesDeColor,catania marino,,[],['#b5b3c6' '#0b0441'],[],[],Activa,[],[],,
Cortinas Blackout Larga Catania Deep Rose,87546,Cortinas Blackout,Página 4 / Básicos,26,[],[],[],[],[],VariantesDeColor,catania deep rose,,[],['#efdcdb' '#cc8c88'],[],[],Activa,[],[],,
Cortinas Blackout Larga Catania Lila,87548,Cortinas Blackout,Página 4 / Básicos,27,[],[],[],[],[],VariantesDeColor,catania lila,,[],['#e6dcdc' '#ae8c8b'],[],[],Activa,[],[],,
Cortinas Translúcidas Larga Florencia,87448,Cortinas Translúcidas,Página 4 / Básicos,28,[],[],[],[],[],Sublinea,florencia,,[],['#f3f3f5'],[],[],Activa,[],[],,
Cortinas Translúcidas Larga Tergal Beige,87863,Cortinas Translúcidas,Página 4 / Básicos,29,[],[],[],[],[],Sublinea,tergal beige,,[],['#f5f5f3'],[],[],Activa,[],[],,
Cortinas Translúcidas Larga Tergal Blanco,87865,Cortinas Translúcidas,Página 4 / Básicos,30,[],[],[],[],[],Sublinea,tergal blanco,,[],['#f5f5f7'],[],[],Activa,[],[],,
Cortinas Translúcidas Larga Tarento,88530,Cortinas Translúcidas,Página 4 / Básicos,31,[],[],[],[],[],Sublinea,tarento,,[],['#ecebeb'],[],[],Activa,[],[],,
Protect 125 Ml Eucalité,86853,Protect,Página 4 / Básicos,32,[],[],[],[],[],Sublinea,eucalité,,[],['#bab9ba'],[],[],Activa,[],[],,
Protect 125 Ml Vialifresh,86854,Protect,Página 4 / Básicos,33,[],[],[],[],[],Sublinea,vialifresh,,[],['#f9fafd'],['vialifresh'],[],Activa,[],[],,
Protect 125 Ml Serenity,86852,Protect,Página 4 / Básicos,34,[],[],[],[],[],Sublinea,serenity,,[],['#f4f7f9'],[],[],Activa,[],[],,
Repelente De Mosquitos 125 Ml,86855,Protect,Página 4 / Básicos,35,[],[],[],[],[],Sublinea,repelente de mosquitos ,,[],['#bcbbbc'],[],[],Activa,[],[],,
Cojín Rex,36630,Cojínes,Página 5 / Decoración,1,[],[],[],[],[],Sublinea,rex,,[],[''],[],[],Activa,[],[],,
Cojín Everest Barrow,87251,Cojínes,Página 5 / Decoración,2,[],[],[],[],[],Sublinea,barrow,,[],['INDIVIDUAL'],[],[],Activa,[],[],,
Cojín Cuadrado Everest Palena,88219,Cojínes,Página 5 / Decoración,3,[],[],[],[],[],Sublinea,cuadrado everest palena,,[],[''],[],[],Activa,[],[],,
Cojín Circular Velvet Lila,88500,Cojínes,Página 5 / Decoración,4,[],[],[],[],[],Sublinea,circular lila,,[],['INDIVIDUAL'],[],[],Activa,[],[],,
Funda De Cojín Velvet Mint,88542,Cojínes,Página 5 / Decoración,5,[],[],[],[],[],Sublinea,mint,,[],[''],[],[],Activa,[],[],,
Adorno De Pared Cruz,71427,Adornos,Página 5 / Decoración,6,[],[],[],[],[],Sublinea,adorno de pared cruz,,[],['INDIVIDUAL'],[],[],Activa,[],[],,
Adorno Led Rex,87378,Adornos,Página 5 / Decoración,7,[],[],[],[],[],Sublinea,adorno led rex,,[],['INDIVIDUAL'],[],[],Activa,[],[],,
Adorno Led Love,88339,Adornos,Página 5 / Decoración,8,[],[],[],[],[],Sublinea,adorno led love,,[],['INDIVIDUAL'],[],[],Activa,[],[],,
Bolsa De Regalo Bebé 24-25,88756,Bolsa De Regalo,Página 5 / Decoración,9,[],[],[],[],[],Sublinea,bolsa de regalo bebé 24-25,,[],['#f2f2f2'],[],[],Activa,[],[],,
Cesto Rex,88383,Cestos,Página 5 / Decoración,10,[],[],[],[],[],Sublinea,cesto rex,,[],[''],[],[],Activa,[],[],,
Cesto Magic,88384,Cestos,Página 5 / Decoración,11,[],[],[],[],[],Sublinea,cesto magic,,[],[''],[],[],Activa,[],[],,
Cuadro Virgen,71428,Cuadros,Página 5 / Decoración,12,[],[],[],[],[],Sublinea,cuadro virgen,,[],['INDIVIDUAL'],[],[],Activa,[],[],,
Cuadro Virgen De Guadalupe,87310,Cuadros,Página 5 / Decoración,13,[],[],[],[],[],Sublinea,cuadro virgen de guadalupe,,[],['INDIVIDUAL'],[],[],Activa,[],[],,
Cuadro Angelito,87577,Cuadros,Página 5 / Decoración,14,[],[],[],[],[],Sublinea,cuadro angelito,,[],['INDIVIDUAL'],[],[],Activa,[],[],,
Cuadro Unicornio,88398,Cuadros,Página 5 / Decoración,15,[],[],[],[],[],Sublinea,cuadro unicornio,,[],['INDIVIDUAL'],[],[],Activa,[],[],,
Pizarrón Luminoso,87376,Decoración,Página 5 / Decoración,16,[],[],[],[],[],Sublinea,pizarrón luminoso,,[],['#d2d1d1'],[],[],Activa,[],[],,
Proyector Galaxy,87377,Decoración,Página 5 / Decoración,17,[],[],[],[],[],Sublinea,proyector galaxy,,[],['#b7b5b7'],[],[],Activa,[],[],,
Figura Decorativa Angelita,87962,Decoración,Página 5 / Decoración,18,[],[],[],[],[],Sublinea,figura decorativa angelita,,[],['INDIVIDUAL'],[],[],Activa,[],[],,
Serie De Luces Nápoles,87235,Decoración,Página 5 / Decoración,19,[],[],[],[],[],Sublinea,serie de luces nápoles,,[],['DOBLE_VERTICAL'],[],[],Activa,[],[],,
Perchero Tula,87241,Repisas,Página 5 / Decoración,20,[],[],[],[],[],Sublinea,perchero tula,,[],['DOBLE_VERTICAL'],[],[],Activa,[],[],,
Repisa Calkini,51117,Repisas,Página 5 / Decoración,21,[],[],[],[],[],Sublinea,calkini,,[],['DOBLE_VERTICAL'],[],[],Activa,[],[],,
Jgo Repisas Taxco,54823,Repisas,Página 5 / Decoración,22,[],[],[],[],[],Sublinea,jgo repisas taxco,,[],['DOBLE_VERTICAL'],[],[],Activa,[],[],,
Repisa Mina Natural,51213,Repisas,Página 5 / Decoración,23,[],[],[],[],[],Sublinea,mina natural,,[],['DOBLE_VERTICAL'],[],[],Activa,[],[],,
Repisa Parra,55176,Repisas,Página 5 / Decoración,24,[],[],[],[],[],Sublinea,parra,,[],['DOBLE_VERTICAL'],[],[],Activa,[],[],,
Repisa Comitán,42627,Repisas,Página 5 / Decoración,25,[],[],[],[],[],Sublinea,comitán,,[],['DOBLE_VERTICAL'],[],[],Activa,[],[],,
Repisa Ixtlán,88175,Repisas,Página 5 / Decoración,26,[],[],[],[],[],Sublinea,ixtlán,,[],['DOBLE_VERTICAL'],[],[],Activa,[],[],,
Jgo Repisas Tonalá,88176,Repisas,Página 5 / Decoración,27,[],[],[],[],[],Sublinea,jgo repisas tonalá,,[],['DOBLE_VERTICAL'],[],[],Activa,[],[],,
Tapete Decorativo Everest Barrow,87229,Tapetes Decorativos,Página 5 / Decoración,28,[],[],[],[],[],Sublinea,everest barrow,,[],[''],[],[],Activa,[],[],,
Tapete Decorativo Everest Deep Rose,88236,Tapetes Decorativos,Página 5 / Decoración,29,[],[],[],[],[],Sublinea,everest deep rose,,[],[''],[],[],Activa,[],[],,
