SKU,productType,productName,status,productSection,productOrder,pageTemplate,pageTitle,pageSubtitle,pageResources,complSheets,complCurtains,complPillowCovers,complCushions,complDecoration,pageCopys,pageKeywords,pageVideos,pageStatus,pageRelatedProducts,pageIcons,pageSeoTitle,pageSeoDescription
89012,COBERTOR EVEREST,COBERTOR EVEREST MAT XL CELESTE,NVO,Página 1 / Cobertores Everest,1,CobertorEverest,Celeste,Cobertor Everest,[],[],[],[],[],[],[],[],[],Activa,,[],,
89015,COBERTOR EVEREST,COBERTOR EVEREST MAT XL SWEET PINK,NVO,Página 1 / Cobertores Everest,2,CobertorEverest,Sweet Pink,Cobertor Everest,[],[],[],[],[],[],[],[],[],Activa,,[],,
89068,COBERTOR EVEREST,COBERTOR EVEREST MAT XL MARFIL,NVO,Página 1 / Cobertores Everest,3,CobertorEverest,Marfil,Cobertor Everest,[],[],[],[],[],[],[],[],[],Activa,,[],,
89018,COBERTOR EVEREST,COBERTOR EVEREST MAT XL DENIM,NVO,Página 1 / Cobertores Everest,4,CobertorEverest,Denim,Cobertor Everest,[],[],[],[],[],[],[],[],[],Activa,,[],,
88046,COBERTOR EVEREST,COBERTOR EVEREST FRAZADA DEEP ROSE,CONT,Página 1 / Cobertores Everest,5,CobertorEverest,Deep Rose,Cobertor Everest,[],[],[],[],[],[],[],[],[],Activa,,[],,
88051,COBERTOR EVEREST,COBERTOR EVEREST MAT XL NEBRASKA,CONT,Página 1 / Cobertores Everest,6,CobertorEverest,Nebraska,Cobertor Everest,[],[],[],[],[],[],[],[],[],Activa,,[],,
88054,COBERTOR EVEREST,COBERTOR EVEREST MAT XL ARIA,CONT,Página 1 / Cobertores Everest,7,CobertorEverest,Aria,Cobertor Everest,[],[],[],[],[],[],[],[],[],Activa,,[],,
88190,COBERTOR EVEREST,COBERTOR EVEREST MAT XL PALENA,CONT,Página 1 / Cobertores Everest,8,CobertorEverest,Palena,Cobertor Everest,[],[],[],[],[],[],[],[],[],Activa,,[],,
87173,COBERTOR EVEREST,COBERTOR EVEREST MAT XL BARROW,CONT,Página 1 / Cobertores Everest,9,CobertorEverest,Barrow,Cobertor Everest,[],[],[],[],[],[],[],[],[],Activa,,[],,
88986,FUNDA DE DUVET,FUNDA DE DUVET QS/MAT XL EVEREST INCIENSO,NVO,Página 2 / Fundas de Duvet,1,JuegoDeEdredon,Everest Incienso,Funda de Duvet,[],[],[],[],[],[],[],[],[],Activa,,[],,
88988,FUNDA DE DUVET,FUNDA DE DUVET QS/MAT XL EVEREST STONE,NVO,Página 2 / Fundas de Duvet,2,JuegoDeEdredon,Everest Stone,Funda de Duvet,[],[],[],[],[],[],[],[],[],Activa,,[],,
87536,EDREDÓN,EDREDÓN IND DUVET,CONT,Página 2 / Fundas de Duvet,3,JuegoDeEdredon,Duvet,Juego de Edredón,[],[],[],[],[],[],[],[],[],Activa,,[],,
88513,EDREDÓN,EDREDÓN IND DUVET BASIC,CONT,Página 2 / Fundas de Duvet,4,JuegoDeEdredon,Duvet Basic,Juego de Edredón,[],[],[],[],[],[],[],[],[],Activa,,[],,
89065,COBERTOR AUSTRAL,COBERTOR AUSTRAL MAT XL ESMERALDA,NVO,Página 3 / Cobertores Australes,5,CobertorAustral,Esmeralda,Cobertor Austral,[],[],[],[],[],[],[],[],[],Activa,,[],,
89021,COBERTOR AUSTRAL,COBERTOR AUSTRAL MAT XL MERLOT,NVO,Página 3 / Cobertores Australes,6,CobertorAustral,Merlot,Cobertor Austral,[],[],[],[],[],[],[],[],[],Activa,,[],,
88043,COBERTOR AUSTRAL,COBERTOR AUSTRAL MAT XL VERDE,CONT,Página 3 / Cobertores Australes,7,CobertorAustral,Verde,Cobertor Austral,[],[],[],[],[],[],[],[],[],Activa,,[],,
87193,COBERTOR AUSTRAL,COBERTOR AUSTRAL MAT XL ROSETA,CONT,Página 3 / Cobertores Australes,8,CobertorAustral,Roseta,Cobertor Austral,[],[],[],[],[],[],[],[],[],Activa,,[],,
88990,COBERTOR INVERNAL,COBERTOR INVERNAL MAT/IND XL BREMEN,NVO,Página 4 / Cobertores Invernales,1,CobertorInvernal,Bremen,Cobertor Invernal,[],[],[],[],[],[],[],[],[],Activa,,[],,
88993,COBERTOR INVERNAL,COBERTOR INVERNAL MAT/IND XL HOLANDA,NVO,Página 4 / Cobertores Invernales,2,CobertorInvernal,Holanda,Cobertor Invernal,[],[],[],[],[],[],[],[],[],Activa,,[],,
88967,COBERTOR INVERNAL,COBERTOR INVERNAL MAT/IND XL OSLO,NVO,Página 4 / Cobertores Invernales,3,CobertorInvernal,Oslo,Cobertor Invernal,[],[],[],[],[],[],[],[],[],Activa,,[],,
88964,COBERTOR INVERNAL,COBERTOR INVERNAL MAT/IND XL LAVANDA,NVO,Página 4 / Cobertores Invernales,4,CobertorInvernal,Lavanda,Cobertor Invernal,[],[],[],[],[],[],[],[],[],Activa,,[],,
89063,COBERTOR INVERNAL,COBERTOR INVERNAL MAT/IND XL JURASICO,NVO,Página 4 / Cobertores Invernales,5,CobertorInvernal,Jurasico,Cobertor Invernal,[],[],[],[],[],[],[],[],[],Activa,,[],,
88970,COBERTOR INVERNAL,COBERTOR INVERNAL MAT/IND XL CHIC,NVO,Página 4 / Cobertores Invernales,6,CobertorInvernal,Chic,Cobertor Invernal,[],[],[],[],[],[],[],[],[],Activa,,[],,
89029,COBERTOR INVERNAL,COBERTOR INVERNAL MAT/IND XL AMBER,NVO,Página 4 / Cobertores Invernales,7,CobertorInvernal,Amber,Cobertor Invernal,[],[],[],[],[],[],[],[],[],Activa,,[],,
89023,COBERTOR INVERNAL,COBERTOR INVERNAL MAT/IND XL JADE,NVO,Página 4 / Cobertores Invernales,8,CobertorInvernal,Jade,Cobertor Invernal,[],[],[],[],[],[],[],[],[],Activa,,[],,
89026,COBERTOR INVERNAL,COBERTOR INVERNAL MAT/IND XL PINK DREAM,NVO,Página 4 / Cobertores Invernales,9,CobertorInvernal,Pink Dream,Cobertor Invernal,[],[],[],[],[],[],[],[],[],Activa,,[],,
54384,COBERTOR INVERNAL,COBERTOR INVERNAL MAT/IND XL ALASKA,CONT,Página 4 / Cobertores Invernales,10,CobertorInvernal,Alaska,Cobertor Invernal,[],[],[],[],[],[],[],[],[],Activa,,[],,
54997,COBERTOR INVERNAL,COBERTOR INVERNAL QS/MAT XL ALASKA,CONT,Página 4 / Cobertores Invernales,11,CobertorInvernal,Alaska,Cobertor Invernal,[],[],[],[],[],[],[],[],[],Activa,,[],,
52279,COBERTOR INVERNAL,COBERTOR INVERNAL MAT/IND XL HOJARASCA,CONT,Página 4 / Cobertores Invernales,12,CobertorInvernal,Hojarasca,Cobertor Invernal,[],[],[],[],[],[],[],[],[],Activa,,[],,
52597,COBERTOR INVERNAL,COBERTOR INVERNAL MAT/IND XL ÁRTICO,CONT,Página 4 / Cobertores Invernales,13,CobertorInvernal,Ártico,Cobertor Invernal,[],[],[],[],[],[],[],[],[],Activa,,[],,
87179,COBERTOR INVERNAL,COBERTOR INVERNAL MAT/IND XL HIMALAYA,CONT,Página 4 / Cobertores Invernales,14,CobertorInvernal,Himalaya,Cobertor Invernal,[],[],[],[],[],[],[],[],[],Activa,,[],,
87181,COBERTOR INVERNAL,COBERTOR INVERNAL QS/MAT XL HIMALAYA,CONT,Página 4 / Cobertores Invernales,15,CobertorInvernal,Himalaya,Cobertor Invernal,[],[],[],[],[],[],[],[],[],Activa,,[],,
88061,COBERTOR INVERNAL,COBERTOR INVERNAL MAT/IND XL FUN,CONT,Página 4 / Cobertores Invernales,16,CobertorInvernal,Fun,Cobertor Invernal,[],[],[],[],[],[],[],[],[],Activa,,[],,
88063,COBERTOR INVERNAL,COBERTOR INVERNAL MAT/IND XL LILA,CONT,Página 4 / Cobertores Invernales,17,CobertorInvernal,Lila,Cobertor Invernal,[],[],[],[],[],[],[],[],[],Activa,,[],,
88066,COBERTOR INVERNAL,COBERTOR INVERNAL MAT/IND XL TINTO,CONT,Página 4 / Cobertores Invernales,18,CobertorInvernal,Tinto,Cobertor Invernal,[],[],[],[],[],[],[],[],[],Activa,,[],,
88069,COBERTOR INVERNAL,COBERTOR INVERNAL MAT/IND XL TURQUESA,CONT,Página 4 / Cobertores Invernales,19,CobertorInvernal,Turquesa,Cobertor Invernal,[],[],[],[],[],[],[],[],[],Activa,,[],,
88070,COBERTOR INVERNAL,COBERTOR INVERNAL QS/MAT XL TURQUESA,CONT,Página 4 / Cobertores Invernales,20,CobertorInvernal,Turquesa,Cobertor Invernal,[],[],[],[],[],[],[],[],[],Activa,,[],,
88072,COBERTOR INVERNAL,COBERTOR INVERNAL MAT/IND XL MINTO,CONT,Página 4 / Cobertores Invernales,21,CobertorInvernal,Minto,Cobertor Invernal,[],[],[],[],[],[],[],[],[],Activa,,[],,
88077,COBERTOR INVERNAL,COBERTOR INVERNAL MAT/IND XL BULLER,CONT,Página 4 / Cobertores Invernales,22,CobertorInvernal,Buller,Cobertor Invernal,[],[],[],[],[],[],[],[],[],Activa,,[],,
88083,COBERTOR INVERNAL,COBERTOR INVERNAL MAT/IND XL QUEBEC,CONT,Página 4 / Cobertores Invernales,23,CobertorInvernal,Quebec,Cobertor Invernal,[],[],[],[],[],[],[],[],[],Activa,,[],,
88258,COBERTOR INVERNAL,COBERTOR INVERNAL MAT/IND XL HARRY POTTER,CONT,Página 4 / Cobertores Invernales,24,CobertorInvernal,Harry Potter,Cobertor Invernal,[],[],[],[],[],[],[],[],[],Activa,,[],,
88998,COBERTOR NÓRDICO,COBERTOR NÓRDICO MAT/IND XL VOSTOK,NVO,Página 5 / Cobertores Nórdicos,1,CobertorNordico,Vostok,Cobertor Nórdico,[],[],[],[],[],[],[],[],[],Activa,,[],,
89002,COBERTOR NÓRDICO,COBERTOR NÓRDICO MAT/IND XL LOKET,NVO,Página 5 / Cobertores Nórdicos,2,CobertorNordico,Loket,Cobertor Nórdico,[],[],[],[],[],[],[],[],[],Activa,,[],,
88103,COBERTOR NÓRDICO,COBERTOR NÓRDICO MAT/IND XL PRESTON,CONT,Página 5 / Cobertores Nórdicos,3,CobertorNordico,Preston,Cobertor Nórdico,[],[],[],[],[],[],[],[],[],Activa,,[],,
88157,COBERTOR NÓRDICO,COBERTOR NÓRDICO MAT/IND XL BARILOCHE,CONT,Página 5 / Cobertores Nórdicos,4,CobertorNordico,Bariloche,Cobertor Nórdico,[],[],[],[],[],[],[],[],[],Activa,,[],,
88950,COBERTOR LIGERO,COBERTOR LIGERO MAT/IND XL BOLD,NVO,Página 6 / Cobertores Ligeros,1,Cobertor,Bold,Cobertor Ligero,[],[],[],[],[],[],[],[],[],Activa,,[],,
88954,COBERTOR LIGERO,COBERTOR LIGERO MAT/IND XL GALIA,NVO,Página 6 / Cobertores Ligeros,2,Cobertor,Galia,Cobertor Ligero,[],[],[],[],[],[],[],[],[],Activa,,[],,
88958,COBERTOR LIGERO,COBERTOR LIGERO MAT/IND XL PLUMAS,NVO,Página 6 / Cobertores Ligeros,3,Cobertor,Plumas,Cobertor Ligero,[],[],[],[],[],[],[],[],[],Activa,,[],,
88942,COBERTOR LIGERO,COBERTOR LIGERO MAT/IND XL SABIA,NVO,Página 6 / Cobertores Ligeros,4,Cobertor,Sabia,Cobertor Ligero,[],[],[],[],[],[],[],[],[],Activa,,[],,
88946,COBERTOR LIGERO,COBERTOR LIGERO MAT/IND XL COFFEE,NVO,Página 6 / Cobertores Ligeros,5,Cobertor,Coffee,Cobertor Ligero,[],[],[],[],[],[],[],[],[],Activa,,[],,
89102,COBERTOR LIGERO,COBERTOR LIGERO FRAZADA NAVIDAD,NVO,Página 6 / Cobertores Ligeros,6,Cobertor,Navidad,Cobertor Ligero,[],[],[],[],[],[],[],[],[],Activa,,[],,
88962,COBERTOR LIGERO,COBERTOR LIGERO MAT/IND XL SNOW,NVO,Página 6 / Cobertores Ligeros,7,Cobertor,Snow,Cobertor Ligero,[],[],[],[],[],[],[],[],[],Activa,,[],,
54356,COBERTOR LIGERO,COBERTOR LIGERO MAT/IND XL TINTO,CONT,Página 6 / Cobertores Ligeros,8,Cobertor,Tinto,Cobertor Ligero,[],[],[],[],[],[],[],[],[],Activa,,[],,
52396,COBERTOR LIGERO,COBERTOR LIGERO MAT/IND XL ESTONIA,CONT,Página 6 / Cobertores Ligeros,9,Cobertor,Estonia,Cobertor Ligero,[],[],[],[],[],[],[],[],[],Activa,,[],,
52588,COBERTOR LIGERO,COBERTOR LIGERO MAT/IND XL NEGRO,CONT,Página 6 / Cobertores Ligeros,10,Cobertor,Negro,Cobertor Ligero,[],[],[],[],[],[],[],[],[],Activa,,[],,
52572,COBERTOR LIGERO,COBERTOR LIGERO FRAZADA COLORS,CONT,Página 6 / Cobertores Ligeros,11,Cobertor,Colors,Cobertor Ligero,[],[],[],[],[],[],[],[],[],Activa,,[],,
87466,COBERTOR LIGERO,COBERTOR LIGERO FRAZADA XL DREAMS,CONT,Página 6 / Cobertores Ligeros,12,Cobertor,Dreams,Cobertor Ligero,[],[],[],[],[],[],[],[],[],Activa,,[],,
87469,COBERTOR LIGERO,COBERTOR LIGERO FRAZADA DINOSAURIOS,CONT,Página 6 / Cobertores Ligeros,13,Cobertor,Dinosaurios,Cobertor Ligero,[],[],[],[],[],[],[],[],[],Activa,,[],,
87695,COBERTOR LIGERO,COBERTOR LIGERO FRAZADA HARRY POTTER,CONT,Página 6 / Cobertores Ligeros,14,Cobertor,Harry Potter,Cobertor Ligero,[],[],[],[],[],[],[],[],[],Activa,,[],,
88091,COBERTOR LIGERO,COBERTOR LIGERO MAT/IND XL TORONTO,CONT,Página 6 / Cobertores Ligeros,15,Cobertor,Toronto,Cobertor Ligero,[],[],[],[],[],[],[],[],[],Activa,,[],,
88097,COBERTOR LIGERO,COBERTOR LIGERO FRAZADA WINTER,CONT,Página 6 / Cobertores Ligeros,16,Cobertor,Winter,Cobertor Ligero,[],[],[],[],[],[],[],[],[],Activa,,[],,
88146,COBERTOR LIGERO,COBERTOR LIGERO MAT/IND XL LILA,CONT,Página 6 / Cobertores Ligeros,17,Cobertor,Lila,Cobertor Ligero,[],[],[],[],[],[],[],[],[],Activa,,[],,
88670,COBERTOR LIGERO,COBERTOR LIGERO MAT/IND XL NAVY,CONT,Página 6 / Cobertores Ligeros,18,Cobertor,Navy,Cobertor Ligero,[],[],[],[],[],[],[],[],[],Activa,,[],,
88437,COBERTOR LIGERO,COBERTOR LIGERO MAT/IND XL LOVE,CONT,Página 6 / Cobertores Ligeros,19,Cobertor,Love,Cobertor Ligero,[],[],[],[],[],[],[],[],[],Activa,,[],,
88440,COBERTOR LIGERO,COBERTOR LIGERO MAT/IND XL CELESTE,CONT,Página 6 / Cobertores Ligeros,20,Cobertor,Celeste,Cobertor Ligero,[],[],[],[],[],[],[],[],[],Activa,,[],,
88400,COBERTOR LIGERO,COBERTOR LIGERO MAT/IND XL BATMAN,CONT,Página 6 / Cobertores Ligeros,21,Cobertor,Batman,Cobertor Ligero,[],[],[],[],[],[],[],[],[],Activa,,[],,
88543,COBERTOR LIGERO,COBERTOR LIGERO FRAZADA PLAYSTATION,CONT,Página 6 / Cobertores Ligeros,22,Cobertor,Playstation,Cobertor Ligero,[],[],[],[],[],[],[],[],[],Activa,,[],,
88974,COBERTOR EVEREST,COBERTOR EVEREST FRAZADA IVORY,NVO,Página 7 / Frazadas,1,JuegoDeEdredon,Ivory,Cobertor Everest,[],[],[],[],[],[],[],[],[],Activa,,[],,
88231,COBERTOR EVEREST,COBERTOR EVEREST FRAZADA GANTE,CONT,Página 7 / Frazadas,2,JuegoDeEdredon,Gante,Cobertor Everest,[],[],[],[],[],[],[],[],[],Activa,,[],,
89011,COBERTOR EVEREST,CHENILLE ROSE FRAZADA,NVO,Página 7 / Frazadas,3,JuegoDeEdredon,Chenille Rose,Cobertor Everest,[],[],[],[],[],[],[],[],[],Activa,,[],,
89132,FRAZADA ELÉCTRICA,FRAZADA TÉRMICA,NVO,Página 7 / Frazadas,4,JuegoDeEdredon,Térmica,,[],[],[],[],[],[],[],[],[],Activa,,[],,
88585,COBERTOR DECORATIVO,MUMBAI MENTA FRAZADA,CONT,Página 7 / Frazadas,5,JuegoDeEdredon,Mumbai Menta,,[],[],[],[],[],[],[],[],[],Activa,,[],,
87823,COBERTOR DECORATIVO,MUMBAI GRIS NEUTRAL FRAZADA,CONT,Página 7 / Frazadas,6,JuegoDeEdredon,Mumbai Gris Neutral,,[],[],[],[],[],[],[],[],[],Activa,,[],,
87824,COBERTOR DECORATIVO,MUMBAI SIENA FRAZADA,CONT,Página 7 / Frazadas,7,JuegoDeEdredon,Mumbai Siena,,[],[],[],[],[],[],[],[],[],Activa,,[],,
77556,COBERTOR DECORATIVO,MUMBAI BEIGE FRAZADA,CONT,Página 7 / Frazadas,8,JuegoDeEdredon,Mumbai Beige,,[],[],[],[],[],[],[],[],[],Activa,,[],,
88975,Funda De Almohada,FUNDA DE ALMOHADA EUROPEA IVORY,NVO,Página 8 / Complementos,1,Sublinea,Ivory,,[],[],[],[],[],[],[],[],[],Activa,,[],,
89054,Funda De Almohada,FUNDA DE ALMOHADA EUROPEA EVEREST CELESTE,NVO,Página 8 / Complementos,2,Sublinea,Everest Celeste,,[],[],[],[],[],[],[],[],[],Activa,,[],,
88215,Funda De Almohada,FUNDA DE ALMOHADA EUROPEA EVEREST PALENA,CONT,Página 8 / Complementos,3,Sublinea,Everest Palena,,[],[],[],[],[],[],[],[],[],Activa,,[],,
88216,Funda De Almohada,FUNDA DE ALMOHADA EUROPEA EVEREST NEBRASKA,CONT,Página 8 / Complementos,4,Sublinea,Everest Nebraska,,[],[],[],[],[],[],[],[],[],Activa,,[],,
87247,Funda De Almohada,FUNDA DE ALMOHADA EUROPEA XL EVEREST BARROW,CONT,Página 8 / Complementos,5,Sublinea,Everest Barrow,,[],[],[],[],[],[],[],[],[],Activa,,[],,
88485,Funda De Almohada,FUNDA DE ALMOHADA EUROPEA GRIS NEUTRAL,CONT,Página 8 / Complementos,6,Sublinea,Gris Neutral,,[],[],[],[],[],[],[],[],[],Activa,,[],,
88571,Funda De Almohada,FUNDA DE ALMOHADA EUROPEA WAFFLE TURQUESA,CONT,Página 8 / Complementos,7,Sublinea,Waffle Turquesa,,[],[],[],[],[],[],[],[],[],Activa,,[],,
88572,Funda De Almohada,FUNDA DE ALMOHADA EUROPEA WAFFLE INCIENSO,CONT,Página 8 / Complementos,8,Sublinea,Waffle Incienso,,[],[],[],[],[],[],[],[],[],Activa,,[],,
88811,Funda De Almohada,FUNDA DE ALMOHADA EUROPEA VOGA PEONY,CONT,Página 8 / Complementos,9,Sublinea,Voga Peony,,[],[],[],[],[],[],[],[],[],Activa,,[],,
88810,Funda De Almohada,FUNDA DE ALMOHADA KS VOGA PEONY,CONT,Página 8 / Complementos,10,Sublinea,Voga Peony,,[],[],[],[],[],[],[],[],[],Activa,,[],,
88809,Funda De Almohada,FUNDA DE ALMOHADA STD VOGA PEONY,CONT,Página 8 / Complementos,11,Sublinea,Voga Peony,,[],[],[],[],[],[],[],[],[],Activa,,[],,
86618,Funda De Almohada,FUNDA DE ALMOHADA EUROPEA VOGA PERLA,CONT,Página 8 / Complementos,12,Sublinea,Voga Perla,,[],[],[],[],[],[],[],[],[],Activa,,[],,
88503,Funda De Almohada,FUNDA DE ALMOHADA STD VOGA PERLA,CONT,Página 8 / Complementos,13,Sublinea,Voga Perla,,[],[],[],[],[],[],[],[],[],Activa,,[],,
88502,Funda De Almohada,FUNDA DE ALMOHADA KS VOGA PERLA,CONT,Página 8 / Complementos,14,Sublinea,Voga Perla,,[],[],[],[],[],[],[],[],[],Activa,,[],,
87515,Funda De Almohada,FUNDA DE ALMOHADA EUROPEA VELVET LILA,CONT,Página 8 / Complementos,15,Sublinea,Lila,,[],[],[],[],[],[],[],[],[],Activa,,[],,
88541,Funda De Almohada,FUNDA DE ALMOHADA EUROPEA VELVET MINT,CONT,Página 8 / Complementos,16,Sublinea,Mint,,[],[],[],[],[],[],[],[],[],Activa,,[],,
88483,Funda De Almohada,FUNDA DE ALMOHADA STD VELVET MINT,CONT,Página 8 / Complementos,17,Sublinea,Mint,,[],[],[],[],[],[],[],[],[],Activa,,[],,
88484,Funda De Almohada,FUNDA DE ALMOHADA KS VELVET MINT,CONT,Página 8 / Complementos,18,Sublinea,Mint,,[],[],[],[],[],[],[],[],[],Activa,,[],,
36254,Funda De Almohada,FUNDA DE ALMOHADA STD VELVET GRIS,CONT,Página 8 / Complementos,19,Sublinea,Gris,,[],[],[],[],[],[],[],[],[],Activa,,[],,
89101,Funda De Almohada,FUNDA DE ALMOHADA STD ALPES LILA,NVO,Página 8 / Complementos,20,Sublinea,Alpes Lila,,[],[],[],[],[],[],[],[],[],Activa,,[],,
88222,Funda De Almohada,FUNDA DE ALMOHADA STD ALPES GREIGE,CONT,Página 8 / Complementos,21,Sublinea,Alpes Greige,,[],[],[],[],[],[],[],[],[],Activa,,[],,
36070,Funda De Almohada,FUNDA DE ALMOHADA STD ALPES ROSA MATURA,CONT,Página 8 / Complementos,22,Sublinea,Alpes Rosa Matura,,[],[],[],[],[],[],[],[],[],Activa,,[],,
36059,Funda De Almohada,FUNDA DE ALMOHADA STD ALPES AZUL,CONT,Página 8 / Complementos,23,Sublinea,Alpes Azul,,[],[],[],[],[],[],[],[],[],Activa,,[],,
35820,Funda De Almohada,FUNDA DE ALMOHADA STD ALPES GRIS,CONT,Página 8 / Complementos,24,Sublinea,Alpes Gris,,[],[],[],[],[],[],[],[],[],Activa,,[],,
89057,Cojín,COJÍN CUADRADO EVEREST DENIM,NVO,Página 8 / Complementos,25,Sublinea,Cuadrado Everest Denim,,[],[],[],[],[],[],[],[],[],Activa,,[],,
89058,Cojín,COJÍN CUADRADO EVEREST STONE,NVO,Página 8 / Complementos,26,Sublinea,Cuadrado Everest Stone,,[],[],[],[],[],[],[],[],[],Activa,,[],,
89059,Cojín,COJÍN CUADRADO EVEREST CELESTE,NVO,Página 8 / Complementos,27,Sublinea,Cuadrado Everest Celeste,,[],[],[],[],[],[],[],[],[],Activa,,[],,
89060,Cojín,COJÍN CUADRADO EVEREST INCIENSO,NVO,Página 8 / Complementos,28,Sublinea,Cuadrado Everest Incienso,,[],[],[],[],[],[],[],[],[],Activa,,[],,
89140,Cojín,COJÍN EVEREST ESTRELLA BARROW,NVO,Página 8 / Complementos,29,Sublinea,Estrella Barrow,,[],[],[],[],[],[],[],[],[],Activa,,[],,
89100,Cojín,COJÍN EVEREST CORAZÓN SWEET PINK,NVO,Página 8 / Complementos,30,Sublinea,Corazón Sweet Pink,,[],[],[],[],[],[],[],[],[],Activa,,[],,
89083,Cojín,COJÍN ESFERA BUCLE,NVO,Página 8 / Complementos,31,Sublinea,Esfera Bucle,,[],[],[],[],[],[],[],[],[],Activa,,[],,
88217,Cojín,COJÍN CUADRADO EVEREST DEEP ROSE,CONT,Página 8 / Complementos,32,Sublinea,Cuadrado Everest Deep Rose,,[],[],[],[],[],[],[],[],[],Activa,,[],,
88218,Cojín,COJÍN CUADRADO EVEREST ARIA,CONT,Página 8 / Complementos,33,Sublinea,Cuadrado Everest Aria,,[],[],[],[],[],[],[],[],[],Activa,,[],,
88219,Cojín,COJÍN CUADRADO EVEREST PALENA,CONT,Página 8 / Complementos,34,Sublinea,Cuadrado Everest Palena,,[],[],[],[],[],[],[],[],[],Activa,,[],,
87251,Cojín,COJÍN EVEREST BARROW,CONT,Página 8 / Complementos,35,Sublinea,Barrow,,[],[],[],[],[],[],[],[],[],Activa,,[],,
88516,Cojín,COJÍN ESTAÑO,CONT,Página 8 / Complementos,36,Sublinea,Estaño,,[],[],[],[],[],[],[],[],[],Activa,,[],,
88755,Cojín,COJÍN ARENA,CONT,Página 8 / Complementos,37,Sublinea,Arena,,[],[],[],[],[],[],[],[],[],Activa,,[],,
88794,Cojín,COJÍN ADANA,CONT,Página 8 / Complementos,38,Sublinea,Adana,,[],[],[],[],[],[],[],[],[],Activa,,[],,
88802,Cojines,COJINES TRENTO,CONT,Página 8 / Complementos,39,Sublinea,Trento,,[],[],[],[],[],[],[],[],[],Activa,,[],,
37658,Cojín,COJÍN XL XBOX,CONT,Página 8 / Complementos,40,Sublinea,Xbox,,[],[],[],[],[],[],[],[],[],Activa,,[],,
36288,Cojín,COJÍN XL PS5,CONT,Página 8 / Complementos,41,Sublinea,Ps5,,[],[],[],[],[],[],[],[],[],Activa,,[],,
88451,Cojín,COJÍN HARRY POTTER,CONT,Página 8 / Complementos,42,Sublinea,Harry Potter,,[],[],[],[],[],[],[],[],[],Activa,,[],,
88453,Cojín,COJÍN XL HARRY POTTER,CONT,Página 8 / Complementos,43,Sublinea,Harry Potter,,[],[],[],[],[],[],[],[],[],Activa,,[],,
36630,Cojín,COJÍN REX,CONT,Página 8 / Complementos,44,Sublinea,Rex,,[],[],[],[],[],[],[],[],[],Activa,,[],,
88973,Funda De Cojín,FUNDA DE COJÍN CUADRADO IVORY,NVO,Página 8 / Complementos,45,Sublinea,Cuadrado Ivory,,[],[],[],[],[],[],[],[],[],Activa,,[],,
88261,Funda De Cojín,FUNDA DE COJÍN CUADRADO GANTE,CONT,Página 8 / Complementos,46,Sublinea,Cuadrado Gante,,[],[],[],[],[],[],[],[],[],Activa,,[],,
86786,Funda De Cojín,FUNDA DE COJÍN CRETA,CONT,Página 8 / Complementos,47,Sublinea,Creta,,[],[],[],[],[],[],[],[],[],Activa,,[],,
88542,Funda De Cojín,FUNDA DE COJÍN VELVET MINT,CONT,Página 8 / Complementos,48,VariantesDeColor,Mint,,[],[],[],[],[],[],[],[],[],Activa,,[],,
36647,Funda De Cojín,FUNDA DE COJÍN VELVET MOSTAZA,CONT,Página 8 / Complementos,49,VariantesDeColor,Mostaza,,[],[],[],[],[],[],[],[],[],Activa,,[],,
36688,Funda De Cojín,FUNDA DE COJÍN VELVET AZUL,CONT,Página 8 / Complementos,50,VariantesDeColor,Azul,,[],[],[],[],[],[],[],[],[],Activa,,[],,
36689,Funda De Cojín,FUNDA DE COJÍN VELVET GRIS,CONT,Página 8 / Complementos,51,VariantesDeColor,Gris,,[],[],[],[],[],[],[],[],[],Activa,,[],,
87655,Funda De Cojín,FUNDA DE COJÍN VELVET LILA,CONT,Página 8 / Complementos,52,VariantesDeColor,Lila,,[],[],[],[],[],[],[],[],[],Activa,,[],,
87500,Funda De Cojín,FUNDA DE COJÍN MÉRIDA,CONT,Página 8 / Complementos,53,Sublinea,Mérida,,[],[],[],[],[],[],[],[],[],Activa,,[],,
36629,Funda De Cojín,FUNDA DE COJÍN RECTANGULAR MUMBAI BEIGE,CONT,Página 8 / Complementos,54,Sublinea,Rectangular Mumbai Beige,,[],[],[],[],[],[],[],[],[],Activa,,[],,
88586,Funda De Cojín,FUNDA DE COJÍN RECTANGULAR MUMBAI GRAY,CONT,Página 8 / Complementos,55,Sublinea,Rectangular Mumbai Gray,,[],[],[],[],[],[],[],[],[],Activa,,[],,
88588,Funda De Cojín,FUNDA DE COJÍN RECTANGULAR MUMBAI SAND,CONT,Página 8 / Complementos,56,Sublinea,Rectangular Mumbai Sand,,[],[],[],[],[],[],[],[],[],Activa,,[],,
88587,Funda De Cojín,FUNDA DE COJÍN CUADRADO MUMBAI MACRAME,CONT,Página 8 / Complementos,57,Sublinea,Cuadrado Mumbai Macrame,,[],[],[],[],[],[],[],[],[],Activa,,[],,
88573,Funda De Cojín,FUNDA DE COJÍN WAFFLE INCIENSO,CONT,Página 8 / Complementos,58,Sublinea,Waffle Incienso,,[],[],[],[],[],[],[],[],[],Activa,,[],,
88574,Funda De Cojín,FUNDA DE COJÍN WAFFLE TURQUESA,CONT,Página 8 / Complementos,59,Sublinea,Waffle Turquesa,,[],[],[],[],[],[],[],[],[],Activa,,[],,
35989,Relleno De Cojín,RELLENO DE COJÍN RECTANGULAR BASIC,CONT,Página 8 / Complementos,60,Sublinea,Cojín Rectangular Basic,,[],[],[],[],[],[],[],[],[],Activa,,[],,
24990,Relleno De Cojín,RELLENO DE COJÍN CUADRADO PLUS,CONT,Página 8 / Complementos,61,Sublinea,Cojín Cuadrado Plus,,[],[],[],[],[],[],[],[],[],Activa,,[],,
35937,Relleno De Cojín,RELLENO DE COJÍN CUADRADO BASIC,CONT,Página 8 / Complementos,62,Sublinea,Cojín Cuadrado Basic,,[],[],[],[],[],[],[],[],[],Activa,,[],,
24924,Funda De Almohada,FUNDA DE ALMOHADA LACTANCIA ALPES GRIS,CONT,Página 9 / Básicos,1,VariantesDeColor,Lactancia Alpes Gris,,[],[],[],[],[],[],[],[],[],Activa,,[],,
89044,Sábanas Siberia,SÁBANAS SIBERIA IND ALPES LILA,NVO,Página 9 / Básicos,2,VariantesDeColor,Alpes Lila,,[],[],[],[],[],[],[],[],[],Activa,,[],,
89045,Sábanas Siberia,SÁBANAS SIBERIA MAT ALPES LILA,NVO,Página 9 / Básicos,3,VariantesDeColor,Alpes Lila,,[],[],[],[],[],[],[],[],[],Activa,,[],,
89046,Sábanas Siberia,SÁBANAS SIBERIA KS ALPES LILA,NVO,Página 9 / Básicos,4,VariantesDeColor,Alpes Lila,,[],[],[],[],[],[],[],[],[],Activa,,[],,
23707,Sábanas Siberia,SÁBANAS SIBERIA MAT ALPES GRIS,CONT,Página 9 / Básicos,6,VariantesDeColor,Alpes Gris,,[],[],[],[],[],[],[],[],[],Activa,,[],,
24790,Sábanas Siberia,SÁBANAS SIBERIA MAT ALPES ROSA MATURA,CONT,Página 9 / Básicos,9,VariantesDeColor,Alpes Rosa Matura,,[],[],[],[],[],[],[],[],[],Activa,,[],,
86960,Sábanas Siberia,SÁBANAS SIBERIA MAT ALPES NEGRO,CONT,Página 9 / Básicos,12,VariantesDeColor,Alpes Negro,,[],[],[],[],[],[],[],[],[],Activa,,[],,
89118,Sábanas Siberia,SÁBANAS SIBERIA IND GREIGE,NVO,Página 9 / Básicos,14,VariantesDeColor,Greige,,[],[],[],[],[],[],[],[],[],Activa,,[],,
89119,Sábanas Siberia,SÁBANAS SIBERIA MAT GREIGE,NVO,Página 9 / Básicos,15,VariantesDeColor,Greige,,[],[],[],[],[],[],[],[],[],Activa,,[],,
89120,Sábanas Siberia,SÁBANAS SIBERIA KS GREIGE,NVO,Página 9 / Básicos,16,VariantesDeColor,Greige,,[],[],[],[],[],[],[],[],[],Activa,,[],,
89047,Sábanas Siberia,SÁBANAS SIBERIA IND FLORAL,NVO,Página 9 / Básicos,17,VariantesDeColor,Floral,,[],[],[],[],[],[],[],[],[],Activa,,[],,
89048,Sábanas Siberia,SÁBANAS SIBERIA MAT FLORAL,NVO,Página 9 / Básicos,18,VariantesDeColor,Floral,,[],[],[],[],[],[],[],[],[],Activa,,[],,
89049,Sábanas Siberia,SÁBANAS SIBERIA KS FLORAL,NVO,Página 9 / Básicos,19,VariantesDeColor,Floral,,[],[],[],[],[],[],[],[],[],Activa,,[],,
88124,Sábanas Siberia,SÁBANAS SIBERIA MAT LIVE,CONT,Página 9 / Básicos,21,VariantesDeColor,Live,,[],[],[],[],[],[],[],[],[],Activa,,[],,
87154,Sábanas Siberia,SÁBANAS SIBERIA MAT POLONIA,CONT,Página 9 / Básicos,24,VariantesDeColor,Polonia,,[],[],[],[],[],[],[],[],[],Activa,,[],,
88979,Sábanas Andes-Polar,SÁBANAS ANDES-POLAR IND ALMOND,NVO,Página 9 / Básicos,26,VariantesDeColor,Almond,,[],[],[],[],[],[],[],[],[],Activa,,[],,
88980,Sábanas Andes-Polar,SÁBANAS ANDES-POLAR MAT ALMOND,NVO,Página 9 / Básicos,27,VariantesDeColor,Almond,,[],[],[],[],[],[],[],[],[],Activa,,[],,
88981,Sábanas Andes-Polar,SÁBANAS ANDES-POLAR QS ALMOND,NVO,Página 9 / Básicos,28,VariantesDeColor,Almond,,[],[],[],[],[],[],[],[],[],Activa,,[],,
88982,Sábanas Andes-Polar,SÁBANAS ANDES-POLAR KS ALMOND,NVO,Página 9 / Básicos,29,VariantesDeColor,Almond,,[],[],[],[],[],[],[],[],[],Activa,,[],,
89121,Sábanas Andes-Polar,SÁBANAS ANDES-POLAR IND LILA,NVO,Página 9 / Básicos,30,VariantesDeColor,Lila,,[],[],[],[],[],[],[],[],[],Activa,,[],,
89122,Sábanas Andes-Polar,SÁBANAS ANDES-POLAR MAT LILA,NVO,Página 9 / Básicos,31,VariantesDeColor,Lila,,[],[],[],[],[],[],[],[],[],Activa,,[],,
89123,Sábanas Andes-Polar,SÁBANAS ANDES-POLAR QS LILA,NVO,Página 9 / Básicos,32,VariantesDeColor,Lila,,[],[],[],[],[],[],[],[],[],Activa,,[],,
89124,Sábanas Andes-Polar,SÁBANAS ANDES-POLAR KS LILA,NVO,Página 9 / Básicos,33,VariantesDeColor,Lila,,[],[],[],[],[],[],[],[],[],Activa,,[],,
89125,Sábanas Andes-Polar,SÁBANAS ANDES-POLAR IND SWEET PINK,NVO,Página 9 / Básicos,34,VariantesDeColor,Sweet Pink,,[],[],[],[],[],[],[],[],[],Activa,,[],,
89126,Sábanas Andes-Polar,SÁBANAS ANDES-POLAR MAT SWEET PINK,NVO,Página 9 / Básicos,35,VariantesDeColor,Sweet Pink,,[],[],[],[],[],[],[],[],[],Activa,,[],,
89127,Sábanas Andes-Polar,SÁBANAS ANDES-POLAR QS SWEET PINK,NVO,Página 9 / Básicos,36,VariantesDeColor,Sweet Pink,,[],[],[],[],[],[],[],[],[],Activa,,[],,
89128,Sábanas Andes-Polar,SÁBANAS ANDES-POLAR KS SWEET PINK,NVO,Página 9 / Básicos,37,VariantesDeColor,Sweet Pink,,[],[],[],[],[],[],[],[],[],Activa,,[],,
86881,Sábanas Andes-Polar,SÁBANAS ANDES-POLAR MAT AZUL,CONT,Página 9 / Básicos,39,VariantesDeColor,Azul,,[],[],[],[],[],[],[],[],[],Activa,,[],,
24723,Sábanas Andes-Polar,SÁBANAS ANDES-POLAR MAT GRIS,CONT,Página 9 / Básicos,43,VariantesDeColor,Gris,,[],[],[],[],[],[],[],[],[],Activa,,[],,
89042,Sábanas Franela,SÁBANAS FRANELA MAT CELESTE,NVO,Página 9 / Básicos,46,VariantesDeColor,Celeste,,[],[],[],[],[],[],[],[],[],Activa,,[],,
89042,Sábanas Franela,SÁBANAS FRANELA KS CELESTE,NVO,Página 9 / Básicos,47,VariantesDeColor,Celeste,,[],[],[],[],[],[],[],[],[],Activa,,[],,
88245,Sábanas Franela,SÁBANAS FRANELA MAT VERMONT,CONT,Página 9 / Básicos,48,VariantesDeColor,Vermont,,[],[],[],[],[],[],[],[],[],Activa,,[],,
24617,Sábanas Franela,SÁBANAS FRANELA MAT WINNIPEG,CONT,Página 9 / Básicos,50,VariantesDeColor,Winnipeg,,[],[],[],[],[],[],[],[],[],Activa,,[],,
23737,Sábanas Camiseta,SÁBANAS CAMISETA MAT GRIS GLACIAL,CONT,Página 9 / Básicos,53,VariantesDeColor,Gris Glacial,,[],[],[],[],[],[],[],[],[],Activa,,[],,
88416,Sábanas Camiseta,SÁBANAS CAMISETA MAT LILA,CONT,Página 9 / Básicos,57,VariantesDeColor,Lila,,[],[],[],[],[],[],[],[],[],Activa,,[],,
88772,Sábanas Camiseta,SÁBANAS CAMISETA MAT CELESTE,CONT,Página 9 / Básicos,60,VariantesDeColor,Celeste,,[],[],[],[],[],[],[],[],[],Activa,,[],,
88776,Sábanas Camiseta,SÁBANAS CAMISETA MAT ALMOND,CONT,Página 9 / Básicos,63,VariantesDeColor,Almond,,[],[],[],[],[],[],[],[],[],Activa,,[],,
88869,Sábanas Camiseta,SÁBANAS CAMISETA MAT AZUL,CONT,Página 9 / Básicos,66,VariantesDeColor,Azul,,[],[],[],[],[],[],[],[],[],Activa,,[],,
89056,Almohada Abrazable,ALMOHADA ABRAZABLE EVEREST SWEET PINK,NVO,Página 9 / Básicos,68,Sublinea,Everest Sweet Pink,,[],[],[],[],[],[],[],[],[],Activa,,[],,
89055,Almohada Abrazable,ALMOHADA ABRAZABLE ALPES LILA,NVO,Página 9 / Básicos,69,Sublinea,Alpes Lila,,[],[],[],[],[],[],[],[],[],Activa,,[],,
89139,Almohada Abrazable,ALMOHADA ABRAZABLE BLUE,NVO,Página 9 / Básicos,70,Sublinea,Blue,,[],[],[],[],[],[],[],[],[],Activa,,[],,
36193,Almohada Abrazable,ALMOHADA ABRAZABLE ALPES GRIS,CONT,Página 9 / Básicos,71,Sublinea,Alpes Gris,,[],[],[],[],[],[],[],[],[],Activa,,[],,
36292,Almohada Abrazable,ALMOHADA ABRAZABLE ALPES NEGRO,CONT,Página 9 / Básicos,72,Sublinea,Alpes Negro,,[],[],[],[],[],[],[],[],[],Activa,,[],,
87232,Almohada Abrazable,ALMOHADA ABRAZABLE EVEREST BARROW,CONT,Página 9 / Básicos,73,Sublinea,Everest Barrow,,[],[],[],[],[],[],[],[],[],Activa,,[],,
88252,Almohada Abrazable,ALMOHADA ABRAZABLE HARRY POTTER,CONT,Página 9 / Básicos,74,Sublinea,Harry Potter,,[],[],[],[],[],[],[],[],[],Activa,,[],,
88445,Almohada Abrazable,ALMOHADA ABRAZABLE LOVE,CONT,Página 9 / Básicos,75,Sublinea,Love,,[],[],[],[],[],[],[],[],[],Activa,,[],,
88593,Rodapié,RODAPIÉ MAT LILA,CONT,Página 9 / Básicos,76,VariantesDeColor,Lila,,[],[],[],[],[],[],[],[],[],Activa,,[],,
87851,Rodapié,RODAPIÉ MAT KAKI,CONT,Página 9 / Básicos,78,VariantesDeColor,Kaki,,[],[],[],[],[],[],[],[],[],Activa,,[],,
39910,Rodapié,RODAPIÉ MAT GRIS GLACIAL,CONT,Página 9 / Básicos,82,VariantesDeColor,Gris Glacial,,[],[],[],[],[],[],[],[],[],Activa,,[],,
87554,FUNDA DE ALMOHADA,PROTECTOR DE ALMOHADA COOLING STD,CONT,Página 9 / Básicos,84,Almohadas,Cooling,,[],[],[],[],[],[],[],[],[],Activa,,[],,
88693,ALMOHADA,ALMOHADA STD BÁSICA PLUS,CONT,Página 9 / Básicos,86,Almohadas,Básica Plus,,[],[],[],[],[],[],[],[],[],Activa,,[],,
35646,ALMOHADA,ALMOHADA POCKET,CONT,Página 9 / Básicos,87,Almohadas,Pocket,,[],[],[],[],[],[],[],[],[],Activa,,[],,
36189,ALMOHADA,ALMOHADA STD COOLING,CONT,Página 9 / Básicos,88,Almohadas,Cooling,,[],[],[],[],[],[],[],[],[],Activa,,[],,
35214,ALMOHADA,ALMOHADA STD BALANCE,CONT,Página 9 / Básicos,91,Almohadas,Balance,,[],[],[],[],[],[],[],[],[],Activa,,[],,
35217,ALMOHADA,ALMOHADA STD ANTIVIRAL IMPERMEABLE,CONT,Página 9 / Básicos,93,Almohadas,Antiviral Impermeable,,[],[],[],[],[],[],[],[],[],Activa,,[],,
35205,ALMOHADA,ALMOHADA STD SUPER CONFORT,CONT,Página 9 / Básicos,94,Almohadas,Super Confort,,[],[],[],[],[],[],[],[],[],Activa,,[],,
35161,ALMOHADA,ALMOHADA STD VIALIFRESH,CONT,Página 9 / Básicos,96,Almohadas,Vialifresh,,[],[],[],[],[],[],[],['vialifresh'],[],Activa,,[],,
35209,ALMOHADA,ALMOHADA STD VIALIFRESH SUPER CONFORT,CONT,Página 9 / Básicos,98,Almohadas,Vialifresh Super Confort,,[],[],[],[],[],[],[],['vialifresh'],[],Activa,,[],,
35239,ALMOHADA,ALMOHADA STD SOGNARE FUSSION FIRME,CONT,Página 9 / Básicos,100,Almohadas,Sognare Fussion Firme,,[],[],[],[],[],[],[],[],[],Activa,,[],,
87644,ALMOHADA,ALMOHADA STD SOGNARE NUO,CONT,Página 9 / Básicos,102,Almohadas,Sognare Nuo,,[],[],[],[],[],[],[],[],[],Activa,,[],,
88741,ALMOHADA,ALMOHADA LACTANCIA WASHED GRIS,CONT,Página 9 / Básicos,104,Almohadas,Lactancia Washed Gris,,[],[],[],[],[],[],[],[],[],Activa,,[],,
88845,ALMOHADA,ALMOHADA BODY COMFORT WASHED GRIS,CONT,Página 9 / Básicos,105,Almohadas,Body Comfort Washed Gris,,[],[],[],[],[],[],[],[],[],Activa,,[],,
88619,ALMOHADA VIAFOAM,ALMOHADA VIAFOAM STD COOL,CONT,Página 9 / Básicos,106,Almohadas,Viafoam Cool,,[],[],[],[],[],[],[],['viafoam'],[],Activa,,[],,
36295,ALMOHADA VIAFOAM,COJÍN VIAFOAM ORTOCONFORT,CONT,Página 9 / Básicos,107,Almohadas,Ortoconfort,,[],[],[],[],[],[],[],['viafoam'],[],Activa,,[],,
36297,ALMOHADA VIAFOAM,ALMOHADA VIAFOAM ORTOMEDIC,CONT,Página 9 / Básicos,108,Almohadas,Viafoam Ortomedic,,[],[],[],[],[],[],[],['viafoam'],[],Activa,,[],,
86681,ALMOHADA VIAFOAM,COJÍN VIAFOAM MULTISEAT,CONT,Página 9 / Básicos,109,Almohadas,Multiseat,,[],[],[],[],[],[],[],['viafoam'],[],Activa,,[],,
87627,ALMOHADA VIAFOAM,ALMOHADA VIAFOAM STD GEL CONFORT,CONT,Página 9 / Básicos,110,Almohadas,Viafoam Gel Confort,,[],[],[],[],[],[],[],['viafoam'],[],Activa,,[],,
87647,ALMOHADA VIAFOAM,COJÍN MODULAR,CONT,Página 9 / Básicos,111,Almohadas,Modular,,[],[],[],[],[],[],[],[],[],Activa,,[],,
87854,ALMOHADA VIAFOAM,ALMOHADA VIAFOAM STD DUO SOFT,CONT,Página 9 / Básicos,112,Almohadas,Viafoam Duo,,[],[],[],[],[],[],[],['viafoam'],[],Activa,,[],,
35838,RELLENO ALMOHADA,RELLENO ALMOHADA STD BALANCE,CONT,Página 9 / Básicos,113,Almohadas,Relleno Balance,,[],[],[],[],[],[],[],[],[],Activa,,[],,
35901,RELLENO ALMOHADA,RELLENO ALMOHADA EUROPEA BALANCE,CONT,Página 9 / Básicos,115,Almohadas,Relleno Balance,,[],[],[],[],[],[],[],[],[],Activa,,[],,
36638,RELLENO ALMOHADA,RELLENO ALMOHADA EUROPEA XL BALANCE,CONT,Página 9 / Básicos,116,Almohadas,Relleno Balance,,[],[],[],[],[],[],[],[],[],Activa,,[],,
88758,PROTECTOR DE COLCHÓN,COLCHONETA MEMORY FOAM MAT,CONT,Página 9 / Básicos,117,ProtectoresDeColchon,Memory Foam,,[],[],[],[],[],[],[],[],[],Activa,,[],,
88759,PROTECTOR DE COLCHÓN,COLCHONETA MEMORY FOAM KS,CONT,Página 9 / Básicos,118,ProtectoresDeColchon,Memory Foam,,[],[],[],[],[],[],[],[],[],Activa,,[],,
36111,PROTECTOR DE COLCHÓN,PROTECTOR DE COLCHÓN CUNA IMPERMEABLE BABY,CONT,Página 9 / Básicos,119,ProtectoresDeColchon,Impermeable,,[],[],[],[],[],[],[],[],[],Activa,,[],,
36102,PROTECTOR DE COLCHÓN,PROTECTOR DE COLCHÓN MAT IMPERMEABLE,CONT,Página 9 / Básicos,122,ProtectoresDeColchon,Impermeable,,[],[],[],[],[],[],[],[],[],Activa,,[],,
24964,PROTECTOR DE COLCHÓN,PROTECTOR DE COLCHÓN MAT BÁSICO PLUS,CONT,Página 9 / Básicos,126,ProtectoresDeColchon,Básico Plus,,[],[],[],[],[],[],[],[],[],Activa,,[],,
36082,PROTECTOR DE COLCHÓN,PROTECTOR DE COLCHÓN MAT VIALIFRESH,CONT,Página 9 / Básicos,130,ProtectoresDeColchon,Vialifresh,,[],[],[],[],[],[],[],['vialifresh'],[],Activa,,[],,
88713,PROTECTOR DE COLCHÓN,PROTECTOR DE COLCHÓN MAT SOGNARE NUO,CONT,Página 9 / Básicos,133,ProtectoresDeColchon,Sognare Nuo,,[],[],[],[],[],[],[],[],[],Activa,,[],,
36271,PROTECTOR DE COLCHÓN,COLCHONETA CONFORT MAT,CONT,Página 9 / Básicos,136,ProtectoresDeColchon,Confort,,[],[],[],[],[],[],[],[],[],Activa,,[],,
87743,PROTECTOR DE COLCHÓN,PROTECTOR DE COLCHÓN MAT TENCEL,CONT,Página 9 / Básicos,139,ProtectoresDeColchon,Tencel,,[],[],[],[],[],[],[],[],[],Activa,,[],,
89112,Winter Hoodie,WINTER HOODIE UNI SABIA,NVO,Página 10 / Accesorios Personales,1,VariantesDeColor,Sabia,,[],[],[],[],[],[],[],[],[],Activa,,[],,
87221,Winter Hoodie,WINTER HOODIE UNI NEGRO,CONT,Página 10 / Accesorios Personales,2,VariantesDeColor,Negro,,[],[],[],[],[],[],[],[],[],Activa,,[],,
88262,Winter Hoodie,WINTER HOODIE UNI LILA,CONT,Página 10 / Accesorios Personales,3,VariantesDeColor,Lila,,[],[],[],[],[],[],[],[],[],Activa,,[],,
88253,Winter Hoodie,WINTER HOODIE UNI HARRY POTTER,CONT,Página 10 / Accesorios Personales,5,VariantesDeColor,Harry Potter,,[],[],[],[],[],[],[],[],[],Activa,,[],,
89133,Capa,CAPA GRIS,NVO,Página 10 / Accesorios Personales,7,VariantesDeColor,Capa Gris,,[],[],[],[],[],[],[],[],[],Activa,,[],,
89143,Calcetines,CALCETINES SET 2 PARES,NVO,Página 10 / Accesorios Personales,8,VariantesDeColor,Calcetines Set 2 Pares,,[],[],[],[],[],[],[],[],[],Activa,,[],,
89171,Bata De Descanso,BATA DE DESCANSO UNI LILA,NVO,Página 10 / Accesorios Personales,9,VariantesDeColor,Lila,,[],[],[],[],[],[],[],[],[],Activa,,[],,
77572,Bata De Descanso,BATA DE DESCANSO UNI LIVE,CONT,Página 10 / Accesorios Personales,10,VariantesDeColor,Live,,[],[],[],[],[],[],[],[],[],Activa,,[],,
88265,Bata De Descanso,BATA DE DESCANSO UNI AZUL,CONT,Página 10 / Accesorios Personales,11,VariantesDeColor,Azul,,[],[],[],[],[],[],[],[],[],Activa,,[],,
89172,Pijama,PIJAMA 5-8 años LILA,NVO,Página 10 / Accesorios Personales,12,VariantesDeColor,Lila,,[],[],[],[],[],[],[],[],[],Activa,,[],,
89173,Pijama,PIJAMA 9-12 años LILA,NVO,Página 10 / Accesorios Personales,13,VariantesDeColor,Lila,,[],[],[],[],[],[],[],[],[],Activa,,[],,
89144,Pijama,PIJAMA MED/CH LILA,NVO,Página 10 / Accesorios Personales,14,VariantesDeColor,Med/Ch Lila,,[],[],[],[],[],[],[],[],[],Activa,,[],,
89145,Pijama,PIJAMA GDE LILA,NVO,Página 10 / Accesorios Personales,15,VariantesDeColor,Lila,,[],[],[],[],[],[],[],[],[],Activa,,[],,
88266,Pijama,PIJAMA 5-8 años DINOSAURIOS,CONT,Página 10 / Accesorios Personales,16,VariantesDeColor,Dinosaurios,,[],[],[],[],[],[],[],[],[],Activa,,[],,
88256,Pijama,PIJAMA MED HARRY POTTER,CONT,Página 10 / Accesorios Personales,18,VariantesDeColor,Harry Potter,,[],[],[],[],[],[],[],[],[],Activa,,[],,
89084,PUFF,PUFF EVEREST CELESTE,NVO,Página 11 / Decoración,1,Puffs,Everest Celeste,,[],[],[],[],[],[],[],[],[],Activa,,[],,
89169,PUFF,PUFF MINI SIBERIA LILA,NVO,Página 11 / Decoración,2,Puffs,Mini Siberia Lila,,[],[],[],[],[],[],[],[],[],Activa,,[],,
77533,PUFF,PUFF ALPES GRIS,CONT,Página 11 / Decoración,3,Puffs,Alpes Gris,,[],[],[],[],[],[],[],[],[],Activa,,[],,
88239,PUFF,PUFF EVEREST DEEP ROSE,CONT,Página 11 / Decoración,4,Puffs,Everest Deep Rose,,[],[],[],[],[],[],[],[],[],Activa,,[],,
87284,PUFF,PUFF EVEREST BARROW,CONT,Página 11 / Decoración,5,Puffs,Everest Barrow,,[],[],[],[],[],[],[],[],[],Activa,,[],,
89052,Tapete Decorativo,TAPETE DECORATIVO EVEREST NEBRASKA,NVO,Página 11 / Decoración,6,VariantesDeColor,Everest Nebraska,,[],[],[],[],[],[],[],[],[],Activa,,[],,
89053,Tapete Decorativo,TAPETE DECORATIVO EVEREST CELESTE,NVO,Página 11 / Decoración,7,VariantesDeColor,Everest Celeste,,[],[],[],[],[],[],[],[],[],Activa,,[],,
89062,Tapete Decorativo,TAPETE DECORATIVO EVEREST SWEET PINK,NVO,Página 11 / Decoración,8,VariantesDeColor,Everest Sweet Pink,,[],[],[],[],[],[],[],[],[],Activa,,[],,
88715,Tapete Decorativo,TAPETE DECORATIVO EVEREST ARIA,CONT,Página 11 / Decoración,9,VariantesDeColor,Everest Aria,,[],[],[],[],[],[],[],[],[],Activa,,[],,
88584,Tapete Decorativo,TAPETE DECORATIVO MUMBAI HOJAS,CONT,Página 11 / Decoración,10,VariantesDeColor,Mumbai Hojas,,[],[],[],[],[],[],[],[],[],Activa,,[],,
87758,Tapete Decorativo,TAPETE DECORATIVO MUMBAI AZUL,CONT,Página 11 / Decoración,11,VariantesDeColor,Mumbai Azul,,[],[],[],[],[],[],[],[],[],Activa,,[],,
87229,Tapete Decorativo,TAPETE DECORATIVO EVEREST BARROW,CONT,Página 11 / Decoración,12,VariantesDeColor,Everest Barrow,,[],[],[],[],[],[],[],[],[],Activa,,[],,
88181,Decoración,JGO ESPEJOS DECO,CONT,Página 11 / Decoración,13,Sublinea,Deco,,[],[],[],[],[],[],[],[],[],Activa,,[],,
42624,Decoración,JGO ESPEJOS GOTA,CONT,Página 11 / Decoración,14,Sublinea,Gota,,[],[],[],[],[],[],[],[],[],Activa,,[],,
86920,Decoración,JGO ESPEJOS ASTURIAS,CONT,Página 11 / Decoración,15,Sublinea,Asturias,,[],[],[],[],[],[],[],[],[],Activa,,[],,
88653,Difusor,DIFUSOR 60 ML FLORAL CANDY,NVO,Página 12 / Vialité,1,Sublinea,Floral Candy,,[],[],[],[],[],[],[],[],[],Activa,,[],,
77509,Difusor,DIFUSOR 60 ML FRUTOS ROJOS,CONT,Página 12 / Vialité,2,Sublinea,Frutos Rojos,,[],[],[],[],[],[],[],[],[],Activa,,[],,
86682,Difusor,DIFUSOR 60 ML LAVANDA,CONT,Página 12 / Vialité,3,Sublinea,Lavanda,,[],[],[],[],[],[],[],[],[],Activa,,[],,
57036,Difusor,DIFUSOR 60 ML MANZANA-CANELA,CONT,Página 12 / Vialité,4,Sublinea,Manzana-Canela,,[],[],[],[],[],[],[],[],[],Activa,,[],,
87887,Difusor,DIFUSOR 60 ML BERRY MANDARIN,CONT,Página 12 / Vialité,5,Sublinea,Berry Mandarin,,[],[],[],[],[],[],[],[],[],Activa,,[],,
86852,Protect,PROTECT 125 ML SERENITY,CONT,Página 12 / Vialité,6,Sublinea,Serenity,,[],[],[],[],[],[],[],[],[],Activa,,[],,
86855,Protect,REPELENTE DE MOSQUITOS 125 ML,CONT,Página 12 / Vialité,7,Sublinea,Repelente De Mosquitos ,,[],[],[],[],[],[],[],[],[],Activa,,[],,
86854,Protect,PROTECT 125 ML VIALIFRESH,CONT,Página 12 / Vialité,8,Sublinea,Vialifresh,,[],[],[],[],[],[],[],['vialifresh'],[],Activa,,[],,
86853,Protect,PROTECT 125 ML EUCALITÉ,CONT,Página 12 / Vialité,9,Sublinea,Eucalité,,[],[],[],[],[],[],[],[],[],Activa,,[],,
88654,Vianney Home Velas,VIANNEY HOME VELAS 250 GR TROPICAL,CONT,Página 12 / Vialité,10,Sublinea,Tropical,,[],[],[],[],[],[],[],[],[],Activa,,[],,
86728,Vianney Home Velas,VIANNEY HOME VELAS 250 GR BERRY MANDARIN,CONT,Página 12 / Vialité,11,Sublinea,Berry Mandarin,,[],[],[],[],[],[],[],[],[],Activa,,[],,
87886,Vianney Home Velas,VIANNEY HOME VELAS 250 GR MANZANA-CANELA,CONT,Página 12 / Vialité,12,Sublinea,Manzana-Canela,,[],[],[],[],[],[],[],[],[],Activa,,[],,
89085,Accesorio De Mascota,CAMA MASCOTA GRIS GDE,NVO,Página 13 / Mascotas,1,Sublinea,Cama Mascota Gris,,[],[],[],[],[],[],[],[],[],Activa,,[],,
89086,Accesorio De Mascota,CAMA MASCOTA GRIS MED,NVO,Página 13 / Mascotas,2,Sublinea,Cama Mascota Gris,,[],[],[],[],[],[],[],[],[],Activa,,[],,
89087,Accesorio De Mascota,SUÉTER MASCOTA AZUL CH,NVO,Página 13 / Mascotas,3,Sublinea,Suéter Mascota Azul Ch,,[],[],[],[],[],[],[],[],[],Activa,,[],,
89088,Accesorio De Mascota,SUÉTER MASCOTA AZUL MED,NVO,Página 13 / Mascotas,4,Sublinea,Suéter Mascota Azul,,[],[],[],[],[],[],[],[],[],Activa,,[],,
89098,Accesorio De Mascota,SUÉTER MASCOTA LILA CH,NVO,Página 13 / Mascotas,5,Sublinea,Suéter Mascota Lila Ch,,[],[],[],[],[],[],[],[],[],Activa,,[],,
89099,Accesorio De Mascota,SUÉTER MASCOTA LILA MED,NVO,Página 13 / Mascotas,6,Sublinea,Suéter Mascota Lila,,[],[],[],[],[],[],[],[],[],Activa,,[],,
89129,Accesorio De Mascota,COBERTOR MASCOTA ROSA FRAZADA,NVO,Página 13 / Mascotas,7,Sublinea,Rosa,,[],[],[],[],[],[],[],[],[],Activa,,[],,
88116,Accesorio De Mascota,COBERTOR MASCOTA MAX FRAZADA,CONT,Página 13 / Mascotas,8,Sublinea,Max,,[],[],[],[],[],[],[],[],[],Activa,,[],,
88414,Cortinas Blackout,CORTINAS BLACKOUT LARGA CATANIA CELESTE,CONT,Página 14 / Cortinas,1,VariantesDeColor,Catania Celeste,,[],[],[],[],[],[],[],[],[],Activa,,[],,
88629,Cortinas Blackout,CORTINAS BLACKOUT LARGA CATANIA KAKI,CONT,Página 14 / Cortinas,2,VariantesDeColor,Catania Kaki,,[],[],[],[],[],[],[],[],[],Activa,,[],,
63946,Cortinas Blackout,CORTINAS BLACKOUT LARGA CATANIA MARINO,CONT,Página 14 / Cortinas,5,VariantesDeColor,Catania Marino,,[],[],[],[],[],[],[],[],[],Activa,,[],,
63961,Cortinas Blackout,CORTINAS BLACKOUT LARGA CATANIA GRIS,CONT,Página 14 / Cortinas,7,VariantesDeColor,Catania Gris,,[],[],[],[],[],[],[],[],[],Activa,,[],,
63930,Cortinas Blackout,CORTINAS BLACKOUT LARGA CATANIA BEIGE,CONT,Página 14 / Cortinas,9,VariantesDeColor,Catania Beige,,[],[],[],[],[],[],[],[],[],Activa,,[],,
87546,Cortinas Blackout,CORTINAS BLACKOUT LARGA CATANIA DEEP ROSE,CONT,Página 14 / Cortinas,10,VariantesDeColor,Catania Deep Rose,,[],[],[],[],[],[],[],[],[],Activa,,[],,
87548,Cortinas Blackout,CORTINAS BLACKOUT LARGA CATANIA LILA,CONT,Página 14 / Cortinas,12,VariantesDeColor,Catania Lila,,[],[],[],[],[],[],[],[],[],Activa,,[],,
63932,Cortinas Ravenna,CORTINAS RAVENNA LARGA MARFIL,CONT,Página 14 / Cortinas,13,VariantesDeColor,Marfil,,[],[],[],[],[],[],[],[],[],Activa,,[],,
87835,Cortinas Ravenna,CORTINAS RAVENNA LARGA KAKI,CONT,Página 14 / Cortinas,14,VariantesDeColor,Kaki,,[],[],[],[],[],[],[],[],[],Activa,,[],,
87836,Cortinas Ravenna,CORTINAS RAVENNA LARGA GRIS GLACIAR,CONT,Página 14 / Cortinas,15,VariantesDeColor,Gris Glaciar,,[],[],[],[],[],[],[],[],[],Activa,,[],,
64136,Cortinas Duo,"CORTINAS DUO 1,30X1,50 GRIS",CONT,Página 14 / Cortinas,16,Sublinea,"Cortinas Duo 1,30X1,50 Gris",,[],[],[],[],[],[],[],[],[],Activa,,[],,
87438,Cortinas Duo,"CORTINAS DUO 1,60x1,50 GRIS",CONT,Página 14 / Cortinas,17,Sublinea,"Cortinas Duo 1,60X1,50 Gris",,[],[],[],[],[],[],[],[],[],Activa,,[],,
87624,Sujetadores De Cortina,SUJETADORES DE CORTINA GRIS,CONT,Página 14 / Cortinas,18,Sublinea,Sujetadores De Cortina Gris,,[],[],[],[],[],[],[],[],[],Activa,,[],,
87863,Cortinas Translúcidas,CORTINAS TRANSLÚCIDAS LARGA TERGAL BEIGE,CONT,Página 14 / Cortinas,20,Sublinea,Tergal Beige,,[],[],[],[],[],[],[],[],[],Activa,,[],,
87865,Cortinas Translúcidas,CORTINAS TRANSLÚCIDAS LARGA TERGAL BLANCO,CONT,Página 14 / Cortinas,22,Sublinea,Tergal Blanco,,[],[],[],[],[],[],[],[],[],Activa,,[],,
87249,Cojínes,COJÍN AUREA,CONT,Página 15 / Navidad,1,Sublinea,Aurea,,[],[],[],[],[],[],[],[],[],Activa,,[],,
89039,Cojínes,COJÍN CUADRADO SNOW TREE,NVO,Página 15 / Navidad,2,Sublinea,Cuadrado Snow Tree,,[],[],[],[],[],[],[],[],[],Activa,,[],,
89040,Cojínes,COJÍN RECTANGULAR BRIGHT,NVO,Página 15 / Navidad,3,Sublinea,Rectangular Bright,,[],[],[],[],[],[],[],[],[],Activa,,[],,
89041,Cojínes,COJÍN CUADRADO CASCANUECES,NVO,Página 15 / Navidad,4,Sublinea,Cuadrado Cascanueces,,[],[],[],[],[],[],[],[],[],Activa,,[],,
88106,Cojínes,COJÍN CUADRADO CHRISTMAS TREE,CONT,Página 15 / Navidad,5,Sublinea,Cuadrado Christmas Tree,,[],[],[],[],[],[],[],[],[],Activa,,[],,
88108,Cojínes,COJÍN CIRCULAR CANDY,CONT,Página 15 / Navidad,6,Sublinea,Circular Candy,,[],[],[],[],[],[],[],[],[],Activa,,[],,
88918,Fundas De Cojín,FUNDA DE COJÍN RECTANGULAR MUMBAI HOLLY,NVO,Página 15 / Navidad,7,Sublinea,Rectangular Mumbai Holly,,[],[],[],[],[],[],[],[],[],Activa,,[],,
89061,Fundas De Cojín,FUNDA DE COJÍN RECTANGULAR BELIEVE,NVO,Página 15 / Navidad,8,Sublinea,Rectangular Believe,,[],[],[],[],[],[],[],[],[],Activa,,[],,
88109,Fundas De Cojín,FUNDA DE COJÍN CUADRADO FELIZ NAVIDAD,CONT,Página 15 / Navidad,9,Sublinea,Cuadrado Feliz Navidad,,[],[],[],[],[],[],[],[],[],Activa,,[],,
88110,Fundas De Cojín,FUNDA DE COJÍN CUADRADO BELÉN,CONT,Página 15 / Navidad,10,Sublinea,Cuadrado Belén,,[],[],[],[],[],[],[],[],[],Activa,,[],,
88915,Tapetes Decorativos,TAPETE DECORATIVO NAVIDAD,NVO,Página 15 / Navidad,11,Sublinea,Navidad,,[],[],[],[],[],[],[],[],[],Activa,,[],,
87235,Iluminación,SERIE DE LUCES NÁPOLES,CONT,Página 15 / Navidad,12,Sublinea,Serie De Luces Nápoles,,[],[],[],[],[],[],[],[],[],Activa,,[],,
89175,Decoración,FIGURA DECORATIVA BELÉN,NVO,Página 15 / Navidad,13,Sublinea,Figura Decorativa Belén,,[],[],[],[],[],[],[],[],[],Activa,,[],,
89181,Decoración,CUADRO NACIMIENTO,NVO,Página 15 / Navidad,14,Sublinea,Cuadro Nacimiento,,[],[],[],[],[],[],[],[],[],Activa,,[],,
42564,Decoración,FIGURA DECORATIVA SAGRADA FAMILIA,CONT,Página 15 / Navidad,15,Sublinea,Figura Decorativa Sagrada Familia,,[],[],[],[],[],[],[],[],[],Activa,,[],,
71428,Decoración,CUADRO VIRGEN,CONT,Página 15 / Navidad,16,Sublinea,Cuadro Virgen,,[],[],[],[],[],[],[],[],[],Activa,,[],,
71427,Decoración,DECORACIÓN CRUZ,CONT,Página 15 / Navidad,17,Sublinea,Decoración Cruz,,[],[],[],[],[],[],[],[],[],Activa,,[],,
87310,Decoración,CUADRO VIRGEN DE GUADALUPE,CONT,Página 15 / Navidad,18,Sublinea,Cuadro Virgen De Guadalupe,,[],[],[],[],[],[],[],[],[],Activa,,[],,
87577,Decoración,CUADRO ANGELITO,CONT,Página 15 / Navidad,19,Sublinea,Cuadro Angelito,,[],[],[],[],[],[],[],[],[],Activa,,[],,
88917,Iluminación,PROYECTOR LED MULTIDISEÑO,NVO,Página 15 / Navidad,20,Sublinea,Proyector Led Multidiseño,,[],[],[],[],[],[],[],[],[],Activa,,[],,
88901,Decoración,FIGURA DECORATIVA ANGELITO,NVO,Página 15 / Navidad,21,Sublinea,Figura Decorativa Angelito,,[],[],[],[],[],[],[],[],[],Activa,,[],,
87962,Decoración,FIGURA DECORATIVA ANGELITA,CONT,Página 15 / Navidad,22,Sublinea,Figura Decorativa Angelita,,[],[],[],[],[],[],[],[],[],Activa,,[],,
87962,Adornos Navideños,ADORNO NAVIDEÑO PINGÜINOS,NVO,Página 15 / Navidad,23,Sublinea,Pingüinos,,[],[],[],[],[],[],[],[],[],Activa,,[],,
88903,Adornos Navideños,ADORNO NAVIDEÑO SANTA CLAUS,NVO,Página 15 / Navidad,24,Sublinea,Santa Claus,,[],[],[],[],[],[],[],[],[],Activa,,[],,
88904,Adornos Navideños,ADORNO NAVIDEÑO RENO BEIGE,NVO,Página 15 / Navidad,25,Sublinea,Reno Beige,,[],[],[],[],[],[],[],[],[],Activa,,[],,
87961,Adornos Navideños,ADORNO NAVIDEÑO GNOMO BLANCO,CONT,Página 15 / Navidad,26,Sublinea,Gnomo Blanco,,[],[],[],[],[],[],[],[],[],Activa,,[],,
88916,Adornos Navideños,ADORNO NAVIDEÑO ÁRBOL NEVADO,NVO,Página 15 / Navidad,27,Sublinea,Árbol Nevado,,[],[],[],[],[],[],[],[],[],Activa,,[],,
87964,Adornos Navideños,ADORNO NAVIDEÑO ÁRBOL BLANCO LED,CONT,Página 15 / Navidad,28,Sublinea,Árbol Blanco Led,,[],[],[],[],[],[],[],[],[],Activa,,[],,
88036,Adornos Navideños,ADORNO NAVIDEÑO NACIMIENTO,CONT,Página 15 / Navidad,29,Sublinea,Nacimiento,,[],[],[],[],[],[],[],[],[],Activa,,[],,
88273,Adornos Navideños,ADORNO NAVIDEÑO PIE DE ÁRBOL,CONT,Página 15 / Navidad,30,Sublinea,Pie De Árbol,,[],[],[],[],[],[],[],[],[],Activa,,[],,
87244,Adornos Navideños,ADORNO NAVIDEÑO ÁRBOL COLGANTE WOOD,CONT,Página 15 / Navidad,31,Sublinea,Árbol Colgante Wood,,[],[],[],[],[],[],[],[],[],Activa,,[],,
87197,JUEGO DE COCINA,BLANCA NAVIDAD,CONT,Página 16 / Comedor y Sala Navidad,1,AmbienteConMiniambiente,Blanca Navidad,Juego de cocina,['' 'DOBLE' 'NADA'],[],['88274' 'CORTINA DE COCINA D PINOS'],[],[],['88241' 'MANTEL CIRCULAR BLANCA NAVIDAD'],[],[],[],Activa,,[],,
89117,JUEGO DE COCINA,NOCHE BUENA,CONT,Página 16 / Comedor y Sala Navidad,2,AmbienteConMiniambiente,Noche Buena,Juego de cocina,['' 'HORIZONTAL' 'NADA'],[],['89116' 'CORTINA DE COCINA C NOCHE BUENA'],[],[],[],[],[],[],Activa,,[],,
89117,Manteles,MANTEL RECTANGULAR NOCHE BUENA,NVO,Página 16 / Comedor y Sala Navidad,3,Sublinea,Noche Buena,,[],[],[],[],[],[],[],[],[],Activa,,[],,
89008,Manteles,MANTEL RECTANGULAR COPOS,NVO,Página 16 / Comedor y Sala Navidad,4,Sublinea,Copos,,[],[],[],[],[],[],[],[],[],Activa,,[],,
89007,Manteles,MANTEL CIRCULAR COPOS,NVO,Página 16 / Comedor y Sala Navidad,5,Sublinea,Mantel Circular Copos,,[],[],[],[],[],[],[],[],[],Activa,,[],,
88855,Manteles,MANTEL RECTANGULAR CRETA,CONT,Página 16 / Comedor y Sala Navidad,6,Sublinea,Creta,,[],[],[],[],[],[],[],[],[],Activa,,[],,
88241,Manteles,MANTEL CIRCULAR BLANCA NAVIDAD,CONT,Página 16 / Comedor y Sala Navidad,7,Sublinea,Mantel Circular Blanca Navidad,,[],[],[],[],[],[],[],[],[],Activa,,[],,
87197,Manteles,MANTEL RECTANGULAR BLANCA NAVIDAD,CONT,Página 16 / Comedor y Sala Navidad,8,Sublinea,Blanca Navidad,,[],[],[],[],[],[],[],[],[],Activa,,[],,
88858,Manteles,MANTEL RECTANGULAR ASTURIAS,CONT,Página 16 / Comedor y Sala Navidad,9,Sublinea,Asturias,,[],[],[],[],[],[],[],[],[],Activa,,[],,
88611,Manteles Individuales,PAR MANTELES INDIVIDUALES BAMBÚ,CONT,Página 16 / Comedor y Sala Navidad,10,Sublinea,Bambú,,[],[],[],[],[],[],[],[],[],Activa,,[],,
88610,Manteles Individuales,PAR MANTELES INDIVIDUALES OVAL,CONT,Página 16 / Comedor y Sala Navidad,11,Sublinea,Oval,,[],[],[],[],[],[],[],[],[],Activa,,[],,
48501,Manteles Individuales,MANTELES INDIVIDUALES GOLD,CONT,Página 16 / Comedor y Sala Navidad,12,Sublinea,Gold,,[],[],[],[],[],[],[],[],[],Activa,,[],,
87216,Manteles Individuales,MANTELES INDIVIDUALES AJIJIC,CONT,Página 16 / Comedor y Sala Navidad,13,Sublinea,Ajijic,,[],[],[],[],[],[],[],[],[],Activa,,[],,
87485,Manteles Individuales,PAR MANTELES INDIVIDUALES JAPANDI,CONT,Página 16 / Comedor y Sala Navidad,14,Sublinea,Japandi,,[],[],[],[],[],[],[],[],[],Activa,,[],,
88920,Caminos De Mesa,CAMINO DE MESA GDE MUMBAI ROJO,NVO,Página 16 / Comedor y Sala Navidad,15,Sublinea,Mumbai Rojo,,[],[],[],[],[],[],[],[],[],Activa,,[],,
89131,Caminos De Mesa,CAMINO DE MESA GDE NAVIDAD,NVO,Página 16 / Comedor y Sala Navidad,16,Sublinea,Navidad,,[],[],[],[],[],[],[],[],[],Activa,,[],,
88249,Caminos De Mesa,CAMINO DE MESA GDE PINOS,CONT,Página 16 / Comedor y Sala Navidad,17,Sublinea,Pinos,,[],[],[],[],[],[],[],[],[],Activa,,[],,
87258,Caminos De Mesa,CAMINO DE MESA GDE AUREA,CONT,Página 16 / Comedor y Sala Navidad,18,Sublinea,Aurea,,[],[],[],[],[],[],[],[],[],Activa,,[],,
42639,Caminos De Mesa,CAMINO DE MESA GDE MUMBAI BEIGE,CONT,Página 16 / Comedor y Sala Navidad,19,Sublinea,Mumbai Beige,,[],[],[],[],[],[],[],[],[],Activa,,[],,
87810,Caminos De Mesa,CAMINO DE MESA GDE MUMBAI ARENA,CONT,Página 16 / Comedor y Sala Navidad,20,Sublinea,Mumbai Arena,,[],[],[],[],[],[],[],[],[],Activa,,[],,
88529,Funda De Sillón Niza,FUNDA DE SILLÓN NIZA SOFÁ KAKI,CONT,Página 16 / Comedor y Sala Navidad,21,VariantesDeColor,Kaki,,['' '' 'VARIANTES'],[],[],[],[],[],[],[],[],Activa,,[],,
88523,Funda De Sillón Niza,FUNDA DE SILLÓN NIZA SOFÁ VERDE,CONT,Página 16 / Comedor y Sala Navidad,22,VariantesDeColor,Verde,,['' '' 'VARIANTES'],[],[],[],[],[],[],[],[],Activa,,[],,
88978,Protector De Sala,PROTECTOR DE SALA SOFÁ EVEREST MOKA,NVO,Página 16 / Comedor y Sala Navidad,23,VariantesDeColor,Everest Moka,,['' '' 'VARIANTES'],[],[],[],[],[],[],[],[],Activa,,[],,
88580,Protector De Sala,PROTECTOR DE SALA SOFÁ BEIGE,CONT,Página 16 / Comedor y Sala Navidad,24,VariantesDeColor,Beige,,['' '' 'VARIANTES'],[],[],[],[],[],[],[],[],Activa,,[],,
88247,Toalla Bordada,TOALLA BORDADA PULLMAN COPOS,CONT,Página 16 / Comedor y Sala Navidad,25,Sublinea,Toalla Bordada Copos,,[],[],[],[],[],[],[],[],[],Activa,,[],,
88724,COBERTOR BABY LIGERO,COBERTOR BABY LIGERO CUNA HAPPY,NVO,Página 17 / Bebé,1,Cobertor,Happy,,[],[],[],[],[],[],[],[],[],Activa,,[],,
88814,COBERTOR BABY LIGERO,COBERTOR BABY LIGERO CUNA FOREST,NVO,Página 17 / Bebé,3,Cobertor,Forest,,[],[],[],[],[],[],[],[],[],Activa,,[],,
88730,COBERTOR BABY LIGERO,COBERTOR BABY LIGERO CUNA LILA,NVO,Página 17 / Bebé,5,Cobertor,Lila,,[],[],[],[],[],[],[],[],[],Activa,,[],,
88726,COBERTOR BABY LIGERO,COBERTOR BABY LIGERO CUNA AZUL,NVO,Página 17 / Bebé,7,Cobertor,Azul,,[],[],[],[],[],[],[],[],[],Activa,,[],,
88728,COBERTOR BABY LIGERO,COBERTOR BABY LIGERO CUNA DINOS,NVO,Página 17 / Bebé,9,Cobertor,Dinos,,[],[],[],[],[],[],[],[],[],Activa,,[],,
88812,COBERTOR BABY LIGERO,COBERTOR BABY LIGERO CUNA FLORENCIA,NVO,Página 17 / Bebé,11,Cobertor,Florencia,,[],[],[],[],[],[],[],[],[],Activa,,[],,
88722,COBERTOR BABY LIGERO,COBERTOR BABY LIGERO CARRIOLA BALLENITA,NVO,Página 17 / Bebé,13,Cobertor,Ballenita,,[],[],[],[],[],[],[],[],[],Activa,,[],,
88723,COBERTOR BABY LIGERO,COBERTOR BABY LIGERO CARRIOLA JIRAFITA,NVO,Página 17 / Bebé,14,Cobertor,Jirafita,,[],[],[],[],[],[],[],[],[],Activa,,[],,
55118,COBERTOR BABY LIGERO,COBERTOR BABY LIGERO CARRIOLA PELOTAS,CONT,Página 17 / Bebé,15,Cobertor,Pelotas,,[],[],[],[],[],[],[],[],[],Activa,,[],,
87822,COBERTOR BABY LIGERO,COBERTOR BABY LIGERO CARRIOLA SWEET DINO,CONT,Página 17 / Bebé,16,Cobertor,Sweet Dino,,[],[],[],[],[],[],[],[],[],Activa,,[],,
52544,COBERTOR BABY LIGERO,COBERTOR BABY LIGERO CUNA FRIENDS,CONT,Página 17 / Bebé,18,Cobertor,Friends,,[],[],[],[],[],[],[],[],[],Activa,,[],,
86897,COBERTOR BABY LIGERO,COBERTOR BABY LIGERO CUNA CONEJITAS,CONT,Página 17 / Bebé,19,Cobertor,Conejitas,,[],[],[],[],[],[],[],[],[],Activa,,[],,
88797,COBIJA BABY VOGA,COBIJA BABY VOGA CARRIOLA ROSA,NVO,Página 17 / Bebé,21,Cobertor,Cobija Voga Rosa,,[],[],[],[],[],[],[],[],[],Activa,,[],,
88798,COBIJA BABY VOGA,COBIJA BABY VOGA CARRIOLA AZUL,NVO,Página 17 / Bebé,22,Cobertor,Cobija Voga Azul,,[],[],[],[],[],[],[],[],[],Activa,,[],,
88732,COBERTOR BABY NÓRDICO,COBERTOR BABY NÓRDICO CUNA MENTA,NVO,Página 17 / Bebé,23,Cobertor,Menta,,[],[],[],[],[],[],[],[],[],Activa,,[],,
88734,COBERTOR BABY NÓRDICO,COBERTOR BABY NÓRDICO CUNA IRIS,NVO,Página 17 / Bebé,25,Cobertor,Iris,,[],[],[],[],[],[],[],[],[],Activa,,[],,
55128,COBERTOR BABY NÓRDICO,COBERTOR BABY NÓRDICO CUNA ELEPHANT,CONT,Página 17 / Bebé,27,Cobertor,Elephant,,[],[],[],[],[],[],[],[],[],Activa,,[],,
86894,COBERTOR BABY NÓRDICO,COBERTOR BABY NÓRDICO CUNA SPRING,CONT,Página 17 / Bebé,29,Cobertor,Spring,,[],[],[],[],[],[],[],[],[],Activa,,[],,
88718,COBERTOR BABY SIBERIA,COBERTOR BABY SIBERIA CUNA SAFARI,NVO,Página 17 / Bebé,31,Cobertor,Safari,,[],[],[],[],[],[],[],[],[],Activa,,[],,
88720,COBERTOR BABY SIBERIA,COBERTOR BABY SIBERIA CUNA SWEET,NVO,Página 17 / Bebé,33,Cobertor,Sweet,,[],[],[],[],[],[],[],[],[],Activa,,[],,
88736,COBERTOR BABY SIBERIA,COBERTOR BABY SIBERIA CUNA BLUE,NVO,Página 17 / Bebé,35,Cobertor,Blue,,[],[],[],[],[],[],[],[],[],Activa,,[],,
88738,COBERTOR BABY SIBERIA,COBERTOR BABY SIBERIA CUNA LILA,NVO,Página 17 / Bebé,37,Cobertor,Lila,,[],[],[],[],[],[],[],[],[],Activa,,[],,
54852,COBERTOR BABY SIBERIA,COBERTOR BABY SIBERIA CUNA STARS,CONT,Página 17 / Bebé,39,Cobertor,Stars,,[],[],[],[],[],[],[],[],[],Activa,,[],,
55137,COBERTOR BABY SIBERIA,COBERTOR BABY SIBERIA CUNA DINOSAURIOS,CONT,Página 17 / Bebé,41,Cobertor,Dinosaurios,,[],[],[],[],[],[],[],[],[],Activa,,[],,
86892,COBERTOR BABY SIBERIA,COBERTOR BABY SIBERIA CUNA NUBES,CONT,Página 17 / Bebé,43,Cobertor,Nubes,,[],[],[],[],[],[],[],[],[],Activa,,[],,
87873,COBERTOR BABY SIBERIA,COBERTOR BABY SIBERIA CUNA COZY,CONT,Página 17 / Bebé,45,Cobertor,Cozy,,[],[],[],[],[],[],[],[],[],Activa,,[],,
88848,Kits De Regalo,KIT DE REGALO BLUE,CONT,Página 17 / Bebé,47,Sublinea,Kit De Regalo Blue,,[],[],[],[],[],[],[],[],[],Activa,,[],,
88849,Kits De Regalo,KIT DE REGALO LILA,CONT,Página 17 / Bebé,48,Sublinea,Kit De Regalo Lila,,[],[],[],[],[],[],[],[],[],Activa,,[],,
86941,Sleep Bags,SLEEP BAG 2-4 AÑOS AZUL,CONT,Página 17 / Bebé,50,Sublinea,Azul,,[],[],[],[],[],[],[],[],[],Activa,,[],,
88819,Sleep Bags,SLEEP BAG 2-4 AÑOS LILA,CONT,Página 17 / Bebé,51,Sublinea,Lila,,[],[],[],[],[],[],[],[],[],Activa,,[],,
88820,Sleep Bags,SLEEP BAG 2-4 AÑOS BALLENITA,CONT,Página 17 / Bebé,52,Sublinea,Ballenita,,[],[],[],[],[],[],[],[],[],Activa,,[],,
88880,Sleep Bags,SLEEP BAG 2-4 AÑOS JIRAFITA,NVO,Página 17 / Bebé,53,Sublinea,Jirafita,,[],[],[],[],[],[],[],[],[],Activa,,[],,
88756,Bolsa De Regalo,BOLSA DE REGALO BEBÉ 24-25,CONT,Página 17 / Bebé,54,Sublinea,Bolsa De Regalo Bebé 24-25,,[],[],[],[],[],[],[],[],[],Activa,,[],,
