productName,SKU,productType,productSection,pageTemplate,productOrder,complSheets,complCurtains,complPillowCovers,complCushions,complDecoration,pageTitle,pageSubtitle,pageCopys,pageResources,pageKeywords,pageVideos,pageStatus,pageIcons,pageSeoTitle,pageSeoDescription
Edredón Qs/Mat Xl Bernal,88865,Edredón,Página 1 / Juegos de Edredón,JuegoDeEdredon,1,['24908'],['63932'],[],[],[],Bernal,Juego de Edredón,[],['#f5f4f3'],[],[],Activa,[],,
Edredón Qs/Mat Xl Cobá,88816,Edredón,Página 1 / Juegos de Edredón,JuegoDeEdredon,2,['23649'],['63990'],[],[],[],Cobá,Juego de Edredón,[],['#ebe8e6'],[],[],Activa,[],,
Edredón Qs/Mat Xl Girona,88856,Edredón,Página 1 / Juegos de Edredón,JuegoDeEdredon,3,['88860'],['88457'],[],[],[],Girona,Juego de Edredón,[],['#ded8d6'],[],[],Activa,[],,
Edredón Qs/Mat Xl Palmar,88883,Edredón,Página 1 / Juegos de Edredón,JuegoDeEdredon,4,['87779'],['87548' '88549'],['87515'],[],[],Palmar,Juego de Edredón,[],['#dbd4d5'],[],[],Activa,[],,
Edredón Qs/Mat Xl Bliss,88575,Edredón,Página 1 / Juegos de Edredón,JuegoDeEdredon,5,['88416' '88494'],['87548'],['87741' '87515'],['87514'],[],Bliss,Juego de Edredón,[],['#f6f6f6'],[],[],Activa,[],,
Edredón Qs/Mat Xl Mónaco,87848,Edredón,Página 1 / Juegos de Edredón,JuegoDeEdredon,6,['23649'],['63961'],[],[],['87823'],Mónaco,Juego de Edredón,[],['#e7e2e8'],[],[],Activa,[],,
Edredón Qs/Mat Xl Navarra,88874,Edredón,Página 1 / Juegos de Edredón,JuegoDeEdredon,7,['88642'],['88631'],[],[],[],Navarra,Juego de Edredón,[],['#cac0c3'],[],[],Activa,[],,
Edredón Qs/Mat Xl Talpa,88872,Edredón,Página 1 / Juegos de Edredón,JuegoDeEdredon,8,['87493'],['63932'],[],['88516'],['88591'],Talpa,Juego de Edredón,[],['#ccc7c2'],[],[],Activa,[],,
Edredón Qs/Mat Xl Taxco,88807,Edredón,Página 1 / Juegos de Edredón,JuegoDeEdredon,9,['88860'],['63930'],[],[],[],Taxco,Juego de Edredón,[],['#e5e5e1'],[],[],Activa,[],,
Edredón Qs/Mat Xl Provenza,87828,Edredón,Página 1 / Juegos de Edredón,JuegoDeEdredon,10,['24908'],['88549'],[],[],[],Provenza,Juego de Edredón,[],['#d1d5d4'],[],[],Activa,[],,
Edredón Qs/Mat Xl Praga,88863,Edredón,Página 1 / Juegos de Edredón,JuegoDeEdredon,11,['88869' '87493'],['63930'],[],[],[],Praga,Juego de Edredón,[],['#f4f3f2'],[],[],Activa,[],,
Edredón Qs/Mat Xl Cataluña,88803,Edredón,Página 1 / Juegos de Edredón,JuegoDeEdredon,12,['23649' '87497'],['63930'],[],['88794'],[],Cataluña,Juego de Edredón,[],['#eee0db'],[],[],Activa,[],,
Edredón Qs/Mat Xl Tecali,87866,Edredón,Página 1 / Juegos de Edredón,JuegoDeEdredon,13,['87493'],['87835' '87865'],[],[],['87823'],Tecali,Juego de Edredón,[],['#c5c7cd'],[],[],Activa,[],,
Edredón Qs/Mat Xl Duvet,87536,Edredón,Página 1 / Juegos de Edredón,JuegoDeEdredon,14,['88551'],['87548'],[],[''],[],Duvet,Juego de Edredón,[],['#d2cfd2'],[],[],Activa,[],,
Edredón Qs/Mat Xl Duvet Basic,88513,Edredón,Página 1 / Juegos de Edredón,JuegoDeEdredon,15,['88555'],['88414'],[],[''],[],Duvet Basic,Juego de Edredón,[],['#ececed'],[],[],Activa,[],,
Edredón Qs/Mat Xl Castilla,88696,Edredón,Página 1 / Juegos de Edredón,JuegoDeEdredon,16,['88494'],['63932'],['86618'],['88573'],[],Castilla,Juego de Edredón,[],['#ebe5e1'],[],[],Activa,[],,
Edredón Qs/Mat Xl Burdeos,87807,Edredón,Página 1 / Juegos de Edredón,JuegoDeEdredon,17,['87493'],['63930'],[],['87663'],[],Burdeos,Juego de Edredón,[],['#f3f1f0'],[],[],Activa,[],,
Edredón Qs/Mat Xl Blossom,88570,Edredón,Página 1 / Juegos de Edredón,JuegoDeEdredon,18,['23737'],['87548'],['88485'],['87655' '87500'],[],Blossom,Juego de Edredón,[],['#e2dddd'],[],['/videos/chavos/EdredonBlossom.mp4'],Activa,[],,
Edredón Qs/Mat Xl Acuarela,88881,Edredón,Página 1 / Juegos de Edredón,JuegoDeEdredon,19,['87493' '23649'],['63930'],['88541'],[],[],Acuarela,Juego de Edredón,[],['#dcdbd7'],[],[],Activa,[],,
Edredón Qs/Mat Xl Jade,88444,Edredón,Página 1 / Juegos de Edredón,JuegoDeEdredon,20,['87497' '87493'],['87448' '88486'],[],[''],[],Jade,Juego de Edredón,[],['#eceae7'],[],[],Activa,[],,
Edredón Qs/Mat Xl Comala,87875,Edredón,Página 1 / Juegos de Edredón,JuegoDeEdredon,21,['88776'],['87835'],['88572'],[],['87823'],Comala,Juego de Edredón,[],['#f9f8f7'],[],[],Activa,[],,
Edredón Qs/Mat Xl Summer,88605,Edredón,Página 1 / Juegos de Edredón,JuegoDeEdredon,22,['88559'],['88549'],[],['88501' '36629'],[],Summer,Juego de Edredón,[],['#f6f5f4'],[],[],Activa,[],,
Edredón Qs/Mat Xl Sorrento,88597,Edredón,Página 1 / Juegos de Edredón,JuegoDeEdredon,23,['88551'],['88414'],[],['88501'],[],Sorrento,Juego de Edredón,[],['#dee4e8'],[],['/videos/chavos/EdredonSorrento.mp4'],Activa,[],,
Edredón Qs/Mat Xl Gales,87509,Edredón,Página 1 / Juegos de Edredón,JuegoDeEdredon,24,['24058'],['63961'],[],[''],[],Gales,Juego de Edredón,[],['#cfcecc'],[],[],Activa,[],,
Edredón Qs/Mat Xl Pretty,87568,Edredón,Página 1 / Juegos de Edredón,JuegoDeEdredon,25,['88494'],['88486'],[],[''],[],Pretty,Juego de Edredón,[],['#e0dad9'],[],[],Activa,[],,
Edredón Qs/Mat Xl Thai,87534,Edredón,Página 1 / Juegos de Edredón,JuegoDeEdredon,26,['23649'],['63930'],['88571'],[],[],Thai,Juego de Edredón,[],['#d0d7d7'],[],[],Activa,[],,
Edredón Mat Roseta,86598,Edredón,Página 1 / Juegos de Edredón,JuegoDeEdredon,27,['88494'],['87546'],[],[''],[],Roseta,Juego de Edredón,[],['#ebe1db'],[],[],Activa,[],,
Edredón Mat Chicago,86103,Edredón,Página 1 / Juegos de Edredón,JuegoDeEdredon,28,['23649'],['64115'],[],[''],[],Chicago,Juego de Edredón,[],['#b9babc'],[],[],Activa,[],,
Edredón Qs/Mat Xl Ferrara,84611,Edredón,Página 1 / Juegos de Edredón,JuegoDeEdredon,29,['23649' '24058'],['63961'],[],['88243'],['87823'],Ferrara,Juego de Edredón,[],['#edeae8'],[],[],Activa,[],,
Edredón Mat Xl Dilar,84921,Edredón,Página 1 / Juegos de Edredón,JuegoDeEdredon,30,['23649'],['63930'],['86618'],['87500'],['77556'],Dilar,Juego de Edredón,[],['#ededea'],[],[],Activa,[],,
Edredón Nuut Mat Peony,88744,Edredón Nuut,Página 2 / Edredones Nuut,EdredonNuut,1,['88494'],['63930'],['88811'],['88794' '88587' '88588'],[],Peony,Edredón Nuut,[],['#c2867e' '#dab9aa' '#ffffff' '#ffdfc5'],[],[],Activa,[],,
Edredón Nuut Mat Celeste,88748,Edredón Nuut,Página 2 / Edredones Nuut,EdredonNuut,2,['88634'],['88414'],['88571' '88753' '88541'],['88501' '87500' '87800'],['87823'],Celeste,Edredón Nuut,[],['#4c7f86' '#9bbec1' '#ffffff' '#c0d2ad'],[],[],Activa,[],,
Edredón Nuut Mat Stone,88512,Edredón Nuut,Página 2 / Edredones Nuut,EdredonNuut,3,['23649' '24146'],['63961' '64136'],['88485'],['88586' '36689' '87500'],['87823' '88176'],Stone,Edredón Nuut,[],['#b9a291' '#656979' '#ffffff' '#e9e4e3'],[],[],Activa,[],,
Funda De Duvet Qs/Mat Xl Salvia,88709,Funda De Duvet,Página 2 / Edredones Nuut,JuegoDeEdredon,4,['88634'],['88530'],[],[],[],Salvia,Funda de Duvet,[],['#ececeb'],[],[],Activa,[],,
Funda De Duvet Qs/Mat Xl Valencia,87811,Funda De Duvet,Página 2 / Edredones Nuut,JuegoDeEdredon,5,['24058'],['63961'],['88477'],['88243' '36689'],[],Valencia,Funda de Duvet,[],['#b9b8b9'],[],[],Activa,[],,
Funda De Duvet Qs/Mat Xl Atlantic,88701,Funda De Duvet,Página 2 / Edredones Nuut,JuegoDeEdredon,6,['23649'],['87836'],['87247' '36254'],['87500'],[],Atlantic,Funda de Duvet,[],['#e2e0e1'],[],[],Activa,[],,
Funda De Duvet Qs/Mat Xl Deco,87537,Funda De Duvet,Página 2 / Edredones Nuut,JuegoDeEdredon,7,['87489'],['87448'],['87515'],['87514' '87500'],['87726'],Deco,Funda de Duvet,[],['#f3efef'],[],[],Activa,[],,
Funda De Duvet Qs/Mat Xl Noruega,88703,Funda De Duvet,Página 2 / Edredones Nuut,JuegoDeEdredon,8,['87493'],['87835'],['88485'],['88755' '88587' '88586'],[],Noruega,Funda de Duvet,[],['#c8cccc'],[],[],Activa,[],,
Funda De Duvet Qs/Mat Xl Arabia,87818,Funda De Duvet,Página 2 / Edredones Nuut,JuegoDeEdredon,9,['87493'],['87863'],['88572' '86618'],['87514' '88802'],[],Arabia,Funda de Duvet,[],['#b9b7b7'],[],[],Activa,[],,
Funda De Duvet Qs/Mat Xl Berry,88548,Funda De Duvet,Página 2 / Edredones Nuut,JuegoDeEdredon,10,['88494'],['88457'],[],['88500'],[],Berry,Funda de Duvet,[],['#e6d5d8'],[],[],Activa,[],,
Edredón Voga Qs/Mat Xl Camel,88707,Edredón Voga,Página 3 / Edredones Voga,EdredonVoga,1,['24908'],['87835'],['87515'],['36629' '88588'],['36629'],Camel,Edredón,[],['#d5c9c1' '#fff'],[],[],Activa,[],,
Edredón Voga Qs/Mat Xl Lila,88651,Edredón Voga,Página 3 / Edredones Voga,EdredonVoga,2,['88642'],['87548'],['87515' '86618'],['88500' '88794' '88587'],['88500'],Lila,Edredón,[],['#d6cfcf' '#c6c6c6'],[],[],Activa,[],,
Edredón Voga Qs/Mat Xl Verde,86457,Edredón Voga,Página 3 / Edredones Voga,EdredonVoga,3,['87493'],['63932' '87865' '87548'],['87515' '86618'],['87251' '87500'],['87229'],Verde,Edredón,[],['#eceae8' '#e1e6cf'],[],[],Activa,[],,
Edredón Voga Qs/Mat Xl Estambul,87746,Edredón Voga,Página 3 / Edredones Voga,EdredonVoga,4,['87779'],['63932'],['86618' '88572'],['87710' '88588'],['77556'],Estambul,Edredón,[],['#e0dbd7' '#fdf7e5'],[],[],Activa,[],,
Edredón Voga Qs/Mat Xl Esmeralda,86256,Edredón Voga,Página 3 / Edredones Voga,EdredonVoga,5,['24908'],['63932'],['88572' '88618'],['86786' '36629' '88762'],['42624' '77556'],Esmeralda,Edredón,[],['#e6e4e2' '#0b362a'],[],[],Activa,[],,
Edredón Novo Mat Comitán,88686,Edredón Novo,Página 4 / Edredones Novo,EdredonNovo,1,['88559'],['63961'],['88753' '88485' '88541'],['88586' '88574'],['87823'],Comitán,Edredón Novo,[],['#dee1e0'],[],[],Activa,[],,
Edredón Novo Mat Arena,88677,Edredón Novo,Página 4 / Edredones Novo,EdredonNovo,2,['87493'],['63932' '87865'],['88503' '88477'],['88802' '88588' '88794' '88755'],[],Arena,Edredón Novo,[],['#f1f1f1'],[],[],Activa,[],,
Edredón Novo Mat Terracota,88680,Edredón Novo,Página 4 / Edredones Novo,EdredonNovo,3,['87493'],['88649'],['88572' '86618'],['88784' '88802'],['87823'],Terracota,Edredón Novo,[],['#ead4cb'],[],[],Activa,[],,
Edredón Novo Mat Lisboa,88689,Edredón Novo,Página 4 / Edredones Novo,JuegoDeEdredon,4,['23649' '87493'],['63987'],['87483' '88481'],['87710' '88586'],[],Lisboa,Edredón Novo,[],['#e3e2e4'],[],[],Activa,[],,
Edredón Novo Mat Mint,88683,Edredón Novo,Página 4 / Edredones Novo,EdredonNovo,5,['88551'],['64001'],['88485' '88541'],['87710' '87800' '88586'],['88585'],Mint,Edredón Novo,[],['#f0eff0'],[],[],Activa,[],,
Edredón Novo Mat Atlántico,88661,Edredón Novo,Página 4 / Edredones Novo,EdredonNovo,6,['88551'],['88627'],['88571' '86618'],['87710' '36629' '88573' '87800'],[],Atlántico,Edredón Novo,[],['#d3cfc9'],[],[],Activa,[],,
Edredón Novo Mat Olivo,43862,Edredón Novo,Página 4 / Edredones Novo,EdredonNovo,7,['87497'],['87546'],['86622'],['88501'],['87235'],Olivo,Edredón Novo,[],['#d1d2cf'],[],[],Activa,[],,
Edredón Novo Mat Malva,86547,Edredón Novo,Página 4 / Edredones Novo,EdredonNovo,8,['88494'],['88486'],['86622'],['87514'],['51213'],Malva,Edredón Novo,[],['#d6d2cf'],[],[],Activa,[],,
Edredón Novo Mat Estaño,88432,Edredón Novo,Página 4 / Edredones Novo,EdredonNovo,9,['24146'],['87438'],['88477'],['88516'],[],Estaño,Edredón Novo,[],['#bebcba'],[],[],Activa,[],,
Edredón Novo Mat Blush,87725,Edredón Novo,Página 4 / Edredones Novo,JuegoDeEdredon,10,['87493'],['88457'],['87741'],['88242'],['88236'],Blush,Edredón Novo,[],['#efeae8'],[],[],Activa,[],,
Edredón Novo Mat Creta,86705,Edredón Novo,Página 4 / Edredones Novo,EdredonNovo,11,['88563'],['64045'],['87481'],['88501'],['51213'],Creta,Edredón Novo,[],['#ccd4d5'],[],[],Activa,[],,
Edredón Novo Mat Boston,86406,Edredón Novo,Página 4 / Edredones Novo,JuegoDeEdredon,12,['24317'],['63987'],['87483'],['88243'],['55176'],Boston,Edredón Novo,[],['#c9d6e0'],[],[],Activa,[],,
Edredón Novo Mat Cobalto,86713,Edredón Novo,Página 4 / Edredones Novo,EdredonNovo,13,['88498'],['63988'],['88477'],['88452'],['87695'],Cobalto,Edredón Novo,[],['#cacdd0'],[],[],Activa,[],,
Edredón Novo Mat Veneto,87714,Edredón Novo,Página 4 / Edredones Novo,JuegoDeEdredon,14,['88494'],['88488'],['88572'],['87497'],['42624'],Veneto,Edredón Novo,[],['#e3dbda'],[],[],Activa,[],,
Edredón Novo Mat Marla,88428,Edredón Novo,Página 4 / Edredones Novo,EdredonNovo,15,['87493'],['88486'],['88572'],['88454'],['88239'],Marla,Edredón Novo,[],['#f7f7f8'],[],[],Activa,[],,
Edredón Novo Mat Ultramar,87460,Edredón Novo,Página 4 / Edredones Novo,JuegoDeEdredon,16,['24146'],['63987'],['87483'],['36288'],['87241'],Ultramar,Edredón Novo,[],['#b8b8ba'],[],[],Activa,[],,
Edredón Novo Mat Deep Rose,43864,Edredón Novo,Página 4 / Edredones Novo,JuegoDeEdredon,17,['87497'],['87863'],['86621'],['87500'],['88175'],Deep Rose,Edredón Novo,[],['#f6f4f3'],[],[],Activa,[],,
Edredón Novo Mat Milán,86405,Edredón Novo,Página 4 / Edredones Novo,EdredonNovo,18,['87497'],['87863'],['35867'],['88454'],['88339'],Milán,Edredón Novo,[],['#efeced'],[],[],Activa,[],,
Colcha Mat Tula,87412,Colcha,Página 4 / Edredones Novo,JuegoDeEdredon,19,['88494'],['88629'],['86621' '88572'],['87710' '88573' '36629'],['77556'],Tula,Colcha,[],['#f5f2f0'],[],[],Activa,[],,
Colcha Mat Bambú,88877,Colcha,Página 4 / Edredones Novo,JuegoDeEdredon,20,['87493' '88634'],['63932'],['88541'],['87251' '88587'],[''],Bambú,Colcha,[],['#e5e4df'],[],[],Activa,[],,
Colcha Mat Australia,87804,Colcha,Página 4 / Edredones Novo,JuegoDeEdredon,21,['23649'],['87865'],['87483'],['87663' '36688' '36689'],[''],Australia,Colcha,[],['#e8e0e9'],[],[],Activa,[],,
Colcha Mat Mauve,88887,Colcha,Página 4 / Edredones Novo,JuegoDeEdredon,22,['88494'],['88629'],['87741'],['88500' '88587'],[''],Mauve,Colcha,[],['#d4c7c7'],[],[],Activa,[],,
Colcha Mat Plumas,86724,Colcha,Página 4 / Edredones Novo,JuegoDeEdredon,23,['88494'],['87448'],['86618' '87481'],['88573' '88542' '36629'],[''],Plumas,Colcha,[],['#e0d7d2'],[],[],Activa,[],,
Colcha Mat Azálea,88850,Colcha,Página 4 / Edredones Novo,JuegoDeEdredon,24,['88494'],['88457'],['87741'],['88794' '87500' '36629'],[''],Azálea,Colcha,[],['#f6f2f2'],[],[],Activa,[],,
Colcha Mat Rosalia,86361,Colcha,Página 4 / Edredones Novo,JuegoDeEdredon,25,['87493'],['63930'],['86621' '86618'],['87710' '36629'],[''],Rosalia,Colcha,[],['#ede7e3'],[],[],Activa,[],,
Colcha Mat Lavanda,86503,Colcha,Página 4 / Edredones Novo,JuegoDeEdredon,26,['23649'],['63988'],['35867'],['36629'],[''],Lavanda,Colcha,[],['#d6dade'],[],[],Activa,[],,
Jgo Bolsas Comprimibles Care Gde,88139,Accesorios de Clóset,Página 4 / Edredones Novo,Sublinea,27,[],[],[],[],[],Jgo Bolsas Comprimibles Care,,[],[],[],[],Activa,[],,
Bolsa Para Almacenamiento Vinil,88338,Accesorios de Clóset,Página 4 / Edredones Novo,Sublinea,28,[],[],[],[],[],Bolsa Para Almacenamiento Vinil,,[],[],[],[],Activa,[],,
Frazada Cooling,88867,Frazada Cooling,Página 5 / Cobertores,Cobertor,1,['23649'],['87865'],['87554'],['88619'],['36189'],Cooling,Frazada,[],['#d7e4eb' 'NADA'],[],[],Activa,[],,
Mumbai Beige Frazada,77556,Frazada Mumbai,Página 5 / Cobertores,JuegoDeEdredon,2,['88860'],['88486'],[],[],[],Mumbai Beige,Frazada,[],['#e7d8cf' 'NADA'],[],[],Activa,[],,
Mumbai Siena Frazada,87824,Frazada Mumbai,Página 5 / Cobertores,JuegoDeEdredon,3,['88776'],['88649'],[],[],[],Mumbai Siena,Frazada,[],['#dbd8d7' 'NADA'],[],[],Activa,[],,
Mumbai Gris Neutral Frazada,87823,Frazada Mumbai,Página 5 / Cobertores,JuegoDeEdredon,4,['24058'],['87868'],[],[],[],Mumbai Gris Neutral,Frazada,[],['#c0c3bf' 'NADA'],[],[],Activa,[],,
Mumbai Menta Frazada,88585,Frazada Mumbai,Página 5 / Cobertores,JuegoDeEdredon,5,['88551'],['88549'],[],[],[],Mumbai Menta,Frazada,[],['#edeeef' 'NADA'],[],[],Activa,[],,
Cobertor Ligero Mat/Ind Navy,88670,Cobertor Ligero,Página 5 / Cobertores,Cobertor,6,['88772'],['63961'],['87247'],['87251' '36689'],[''],Navy,Cobertor Ligero,[],['#c3c8d1'],[],[],Activa,[],,
Cobertor Ligero Mat/Ind Abadía,88666,Cobertor Ligero,Página 5 / Cobertores,Cobertor,7,['88776'],['88414'],['88541'],['87710' '87800'],[''],Abadía,Cobertor Ligero,[],['#f3f1f0'],[],[],Activa,[],,
Cobertor Ligero Mat/Ind Hanami,87787,Cobertor Ligero,Página 5 / Cobertores,Cobertor,8,['87493'],['88457'],['87741'],['36629'],[''],Hanami,Cobertor Ligero,[],['#f7f4f3'],[],[],Activa,[],,
Cobertor Ligero Mat/Ind Terracota,88674,Cobertor Ligero,Página 5 / Cobertores,Cobertor,9,['88776'],['88649'],['86618'],['88794'],['87824'],Terracota,Cobertor Ligero,[],['#eee4e1'],[],[],Activa,[],,
Cobertor Ligero Mat/Ind Estonia,52396,Cobertor Ligero,Página 5 / Cobertores,Cobertor,10,['23649'],['87473'],['35867'],['36629'],['51213'],Estonia,Cobertor Ligero,[],['#f2f1f1'],[],[],Activa,[],,
Cobertor Ligero Mat/Ind Negro,52588,Cobertor Ligero,Página 5 / Cobertores,Cobertor,11,['88860'],['88627'],['88572'],['87710'],[''],Negro,Cobertor Ligero,[],['#f5f6f6'],[],[],Activa,[],,
Cobertor Ligero Ks/Qs Celeste,88442,Cobertor Ligero,Página 5 / Cobertores,Cobertor,12,['87493'],['88414'],['88481' '87247'],['87500' '88454'],[''],Celeste,Cobertor Ligero,[],['#ebedee'],[],[],Activa,[],,
Bolsa De Regalo Vianney 24-25,88757,Bolsa De Regalo,Página 5 / Cobertores,Sublinea,13,[],[],[],[],[],Bolsa De Regalo Vianney 24-25,,[],[],[],[],Activa,[],,
Almohada Std Vialifresh,35161,Almohadas,Página 6 / Básicos,Almohadas,1,[],[],[],[],[],Vialifresh,,[],[],['vialifresh'],[],Activa,[],,
Almohada Std Vialifresh Super Confort,35209,Almohadas,Página 6 / Básicos,Almohadas,2,[],[],[],[],[],Vialifresh Super Confort,,[],[],['vialifresh'],[],Activa,[],,
Almohada Pocket,35646,Almohadas,Página 6 / Básicos,Almohadas,3,[],[],[],[],[],Pocket,,[],[],[],[],Activa,[],,
Almohada Ks Balance,35215,Almohadas,Página 6 / Básicos,Almohadas,4,[],[],[],[],[],Balance,,[],[],[],[],Activa,[],,
Almohada Ks Básica Plus,88692,Almohadas,Página 6 / Básicos,Almohadas,5,[],[],[],[],[],Básica Plus,,[],[],[],[],Activa,[],,
Almohada Ks Cooling,36260,Almohadas,Página 6 / Básicos,Almohadas,6,[],[],[],[],[],Cooling,,[],[],[],[],Activa,[],,
Almohada Ks Antiviral Impermeable,35219,Almohadas,Página 6 / Básicos,Almohadas,7,[],[],[],[],[],Antiviral Impermeable,,[],[],[],[],Activa,[],,
Cojín Modular Std,87647,Almohadas,Página 6 / Básicos,Almohadas,8,[],[],[],[],[],Modular,,[],[],[],[],Activa,[],,
Almohada Std Super Confort,35205,Almohadas,Página 6 / Básicos,Almohadas,9,[],[],[],[],[],Super Confort,,[],[],['nuit'],[],Activa,[],,
Protector De Almohada Cooling Std,87554,Almohadas,Página 6 / Básicos,Almohadas,10,[],[],[],[],[], Cooling,,[],[],[],[],Activa,[],,
Almohada Std Sognare Firme,35239,Almohadas,Página 6 / Básicos,Almohadas,11,[],[],[],[],[],Sognare Firme,,[],[],[],[],Activa,[],,
Almohada Std Sognare Nuo,87644,Almohadas,Página 6 / Básicos,Almohadas,12,[],[],[],[],[],Sognare Nuo,,[],[],[],[],Activa,[],,
Almohada Body Comfort Washed Gris,88845,Almohadas,Página 6 / Básicos,Almohadas,13,[],[],[],[],[],Body Comfort Washed Gris,,[],[],[],[],Activa,[],,
Relleno Almohada Std Balance,35838,Almohadas,Página 6 / Básicos,Almohadas,14,[],[],[],[],[],Relleno Balance,,[],[],[],[],Activa,[],,
Almohada Viafoam Std Gel Confort,87627,Almohadas,Página 6 / Básicos,Almohadas,15,[],[],[],[],[],Viafoam Gel Confort,,[],[],['viafoam'],[],Activa,[],,
Almohada Viafoam Std Duo Soft,87854,Almohadas,Página 6 / Básicos,Almohadas,16,[],[],[],[],[],Viafoam Duo,,[],[],['viafoam'],[],Activa,[],,
Cojín Viafoam Ortoconfort Std,36295,Almohadas,Página 6 / Básicos,Almohadas,17,[],[],[],[],[],Ortoconfort,,[],[],['viafoam'],[],Activa,[],,
Cojín Viafoam Multiseat Std,86681,Almohadas,Página 6 / Básicos,Almohadas,18,[],[],[],[],[],Multiseat,,[],[],['viafoam'],[],Activa,[],,
Cojín Viafoam Std Ortomedic,36297,Almohadas,Página 6 / Básicos,Almohadas,19,[],[],[],[],[],Ortomedic,,[],[],['viafoam'],[],Activa,[],,
Almohada Viafoam Std Cool,88619,Almohadas,Página 6 / Básicos,Almohadas,20,[],[],[],[],[],Viafoam Cool,,[],[],['nuit' 'viafoam'],[],Activa,[],,
Almohada Lactancia Washed Gris,88741,Almohadas,Página 6 / Básicos,Almohadas,21,[],[],[],[],[],Lactancia Washed Gris,,[],[],[],[],Activa,[],,
Funda De Almohada Lactancia Alpes Gris,24924,Almohadas,Página 6 / Básicos,Almohadas,22,[],[],[],[],[],Lactancia Alpes Gris,,[],[],[],[],Activa,[],,
Almohada Abrazable Washed Mint,88752,Almohadas Abrazables,Página 6 / Básicos,Sublinea,23,[],[],[],[],[],Washed Mint,,[],['INDIVIDUAL'],[],[],Activa,[],,
Almohada Abrazable Washed Gris,88751,Almohadas Abrazables,Página 6 / Básicos,Sublinea,24,[],[],[],[],[],Washed Gris,,[],['INDIVIDUAL'],[],[],Activa,[],,
Almohada Abrazable Blush,88763,Almohadas Abrazables,Página 6 / Básicos,Sublinea,25,[],[],[],[],[],Blush,,[],['INDIVIDUAL'],[],[],Activa,[],,
Almohada Abrazable Everest Bruselas,87476,Almohadas Abrazables,Página 6 / Básicos,Sublinea,26,[],[],[],[],[],Everest Bruselas,,[],['INDIVIDUAL'],[],[],Activa,[],,
Almohada Abrazable Everest Barrow,87232,Almohadas Abrazables,Página 6 / Básicos,Sublinea,27,[],[],[],[],[],Everest Barrow,,[],['INDIVIDUAL'],[],[],Activa,[],,
Almohada Abrazable Everest Deep Rose,88224,Almohadas Abrazables,Página 6 / Básicos,Sublinea,28,[],[],[],[],[],Everest Deep Rose,,[],['INDIVIDUAL'],[],[],Activa,[],,
Almohada Abrazable Alpes Gris,36193,Almohadas Abrazables,Página 6 / Básicos,Sublinea,29,[],[],[],[],[],Alpes Gris,,[],['INDIVIDUAL'],[],[],Activa,[],,
Almohada Abrazable Alpes Negro,36292,Almohadas Abrazables,Página 6 / Básicos,Sublinea,30,[],[],[],[],[],Alpes Negro,,[],['INDIVIDUAL'],[],[],Activa,[],,
Funda De Almohada Abrazable Viasoft Gris,36307,Fundas De Almohada Abrazable,Página 6 / Básicos,Sublinea,31,[],[],[],[],[], Viasoft Gris,,[],['INDIVIDUAL'],['viasoft'],[],Activa,[],,
Funda De Almohada Abrazable Viasoft Washed Rose,87813,Fundas De Almohada Abrazable,Página 6 / Básicos,Sublinea,32,[],[],[],[],[], Viasoft Washed Rose,,[],['INDIVIDUAL'],['viasoft'],[],Activa,[],,
Protector De Colchón Mat Vialifresh,36082,Protectores De Colchón,Página 6 / Básicos,ProtectoresDeColchon,33,[],[],[],[],[],Vialifresh,,[],[],['vialifresh'],[],Activa,[],,
Protector De Colchón Mat Tencel,87743,Protectores De Colchón,Página 6 / Básicos,ProtectoresDeColchon,34,[],[],[],[],[],Tencel,,[],[],[],[],Activa,[],,
Protector De Colchón Mat Impermeable,36102,Protectores De Colchón,Página 6 / Básicos,ProtectoresDeColchon,35,[],[],[],[],[],Impermeable,,[],[],[],[],Activa,[],,
Protector De Colchón Cuna Impermeable Baby,36111,Protectores De Colchón,Página 6 / Básicos,ProtectoresDeColchon,36,[],[],[],[],[],Impermeable Baby,,[],[],[],[],Activa,[],,
Protector De Colchón Mat Básico Plus,24964,Protectores De Colchón,Página 6 / Básicos,ProtectoresDeColchon,37,[],[],[],[],[],Básico Plus,,[],[],[],[],Activa,[],,
Protector De Colchón Mat Sognare Nuo,88713,Protectores De Colchón,Página 6 / Básicos,ProtectoresDeColchon,38,[],[],[],[],[],Sognare Nuo,,[],[],[],[],Activa,[],,
Colchoneta Confort Mat,36271,Protectores De Colchón,Página 6 / Básicos,ProtectoresDeColchon,39,[],[],[],[],[],Confort,,[],[],['nuit'],[],Activa,[],,
Colchoneta Memory Foam Mat,88758,Protectores De Colchón,Página 6 / Básicos,ProtectoresDeColchon,40,[],[],[],[],[],Memory Foam,,[],[],['nuit'],[],Activa,[],,
Sábanas Cabos Mat Almond,88860,Sábanas Cabos,Página 6 / Básicos,VariantesDeColor,41,[],[],[],[],[],Almond,,[],['#efeae7' '#cbbab0'],[],[],Activa,[],,
Sábanas Cabos Mat Gris Neutral,24058,Sábanas Cabos,Página 6 / Básicos,VariantesDeColor,42,[],[],[],[],[],Gris Neutral,,[],['#dcdeda' '#8c9384' 'AMPLIAR'],[],[],Activa,[],,
Sábanas Cabos Mat Menta,24051,Sábanas Cabos,Página 6 / Básicos,VariantesDeColor,43,[],[],[],[],[],Menta,,[],['#e4f5ef' '#a5dfcb'],[],[],Activa,[],,
Sábanas Cabos Mat Vialifresh,23649,Sábanas Cabos,Página 6 / Básicos,VariantesDeColor,44,[],[],[],[],[],Vialifresh,,[],['#ffffff' '#ffffff'],['vialifresh'],[],Activa,[],,
Par Funda De Almohada Std Cabos Blanco,36127,Fundas De Almohada Cabos,Página 6 / Básicos,VariantesDeColor,45,[],[],[],[],[],Cabos Blanco,,[],['#f4f4f4' '#dbdbdb' 'SIN_ACERCAMIENTO'],[],[],Activa,[],,
Par Funda De Almohada Std Cabos Gris,36137,Fundas De Almohada Cabos,Página 6 / Básicos,VariantesDeColor,46,[],[],[],[],[],Cabos Gris,,[],['#eceaea' '#c0bab9' 'SIN_ACERCAMIENTO'],[],[],Activa,[],,
Sábanas Camiseta Mat Azul,88869,Sábanas Camiseta,Página 6 / Básicos,VariantesDeColor,47,[],[],[],[],[],Azul,,[],['#bfc2c8' '#2b354a'],[],[],Activa,[],,
Sábanas Camiseta Mat Celeste,88772,Sábanas Camiseta,Página 6 / Básicos,VariantesDeColor,48,[],[],[],[],[],Celeste,,[],['#dde5e6' '#8ea9ae'],[],[],Activa,[],,
Sábanas Camiseta Mat Almond,88776,Sábanas Camiseta,Página 6 / Básicos,VariantesDeColor,49,[],[],[],[],[],Almond,,[],['#f2ece9' '#d6c2b8'],[],[],Activa,[],,
Sábanas Camiseta Mat Lila,88416,Sábanas Camiseta,Página 6 / Básicos,VariantesDeColor,50,[],[],[],[],[],Lila,,[],['#e6dcdc' '#ae8c8b'],[],[],Activa,[],,
Sábanas Camiseta Mat Gris Glacial,23737,Sábanas Camiseta,Página 6 / Básicos,VariantesDeColor,51,[],[],[],[],[],Gris Glacial,,[],['#f1eeec' '#d1c7c1' 'AMPLIAR'],[],[],Activa,[],,
Sábanas Modal Mat Iris,88799,Sábanas Modal,Página 6 / Básicos,VariantesDeColor,52,[],[],[],[],[],Iris,,[],['#eae3e3' '#bba2a3'],[],[],Activa,[],,
Sábanas Modal Mat Perla,24908,Sábanas Modal,Página 6 / Básicos,VariantesDeColor,53,[],[],[],[],[],Perla,,[],['#ece8e2' '#c1b3a1'],[],[],Activa,[],,
Sábanas Modal Mat Mint,87779,Sábanas Modal,Página 6 / Básicos,VariantesDeColor,54,[],[],[],[],[],Mint,,[],['#f0f4f2' '#cedcd5'],[],[],Activa,[],,
Sábanas Viasoft Mat Jade,88634,Sábanas Viasoft,Página 6 / Básicos,VariantesDeColor,55,[],[],[],[],[],Jade,,[],['#dee3e0' '#94a498'],['viasoft'],[],Activa,[],,
Sábanas Viasoft Mat Almond,88494,Sábanas Viasoft,Página 6 / Básicos,VariantesDeColor,56,[],[],[],[],[],Almond,,[],['#f3eeeb' '#d8c9be'],['viasoft'],[],Activa,[],,
Sábanas Viasoft Mat Celeste,88555,Sábanas Viasoft,Página 6 / Básicos,VariantesDeColor,57,[],[],[],[],[],Celeste,,[],['#e0e7e9' '#9ab0b7'],['viasoft'],[],Activa,[],,
Sábanas Viasoft Mat Marino,24317,Sábanas Viasoft,Página 6 / Básicos,VariantesDeColor,58,[],[],[],[],[],Marino,,[],['#b5b3c6' '#0b0441' 'AMPLIAR'],['viasoft'],[],Activa,[],,
Sábanas Viasoft Mat Gris,24146,Sábanas Viasoft,Página 6 / Básicos,VariantesDeColor,59,[],[],[],[],[],Gris,,[],['#e7e5e1' '#afaa9e' 'AMPLIAR'],['viasoft'],[],Activa,[],,
Sábanas Viasoft Mat Lila,87489,Sábanas Viasoft,Página 6 / Básicos,VariantesDeColor,60,[],[],[],[],[],Lila,,[],['#e6dcdc' '#ae8c8b' 'AMPLIAR'],['viasoft'],[],Activa,[],,
Par Funda De Almohada Std Viasoft Marino,87674,Fundas De Almohada Viasoft,Página 6 / Básicos,VariantesDeColor,61,[],[],[],[],[],Viasoft Marino,,[],['#c1c4d1' '#333b67' 'SIN_ACERCAMIENTO'],['viasoft'],[],Activa,[],,
Par Funda De Almohada Std Viasoft Washed Gris,88805,Fundas De Almohada Viasoft,Página 6 / Básicos,VariantesDeColor,62,[],[],[],[],[],Viasoft Washed Gris,,[],['#dbdbdb' '#8a8a8a' 'SIN_ACERCAMIENTO'],['viasoft'],[],Activa,[],,
Sábanas Viasoft Washed Mat Arena,88638,Sábanas Viasoft Washed,Página 6 / Básicos,VariantesDeColor,63,[],[],[],[],[],Arena,,[],['#e8dacd' '#b3855b'],['viasoft'],[],Activa,[],,
Sábanas Viasoft Washed Mat Blush,88642,Sábanas Viasoft Washed,Página 6 / Básicos,VariantesDeColor,64,[],[],[],[],[],Blush,,[],['#dfd0d1' '#966368'],['viasoft'],[],Activa,[],,
Sábanas Viasoft Washed Mat Gris,88646,Sábanas Viasoft Washed,Página 6 / Básicos,VariantesDeColor,65,[],[],[],[],[],Gris,,[],['#e1e1e1' '#9d9d9b'],['viasoft'],[],Activa,[],,
Sábanas Viasoft Washed Mat Mint,88551,Sábanas Viasoft Washed,Página 6 / Básicos,VariantesDeColor,66,[],[],[],[],[],Mint,,[],['#e4eaea' '#a6bcba'],['viasoft'],[],Activa,[],,
Sábanas Viasoft Washed Mat Atlántico,88563,Sábanas Viasoft Washed,Página 6 / Básicos,VariantesDeColor,67,[],[],[],[],[],Atlántico,,[],['#c9d8db' '#4b7d87'],['viasoft'],[],Activa,[],,
Sábanas Viasoft Washed Mat Coral,88559,Sábanas Viasoft Washed,Página 6 / Básicos,VariantesDeColor,68,[],[],[],[],[],Coral,,[],['#f6ded7' '#e1927a'],['viasoft'],[],Activa,[],,
Sábanas Viasoft Washed Mat Greige,87493,Sábanas Viasoft Washed,Página 6 / Básicos,VariantesDeColor,69,[],[],[],[],[],Greige,,[],['#eceae7' '#c2baaf'],['viasoft'],[],Activa,[],,
Sábanas Viasoft Washed Mat Rose,87497,Sábanas Viasoft Washed,Página 6 / Básicos,VariantesDeColor,70,[],[],[],[],[],Rose,,[],['#f1e6e2' '#d2aca1' 'AMPLIAR'],['viasoft'],[],Activa,[],,
Rodapié Mat Gris Glacial,39910,Rodapiés,Página 6 / Básicos,VariantesDeColor,71,[],[],[],[],[],Gris Glacial,,[],['#ececed' '#c1c1c3'],[],[],Activa,[],,
Rodapié Mat Lila,88593,Rodapiés,Página 6 / Básicos,VariantesDeColor,72,[],[],[],[],[],Lila,,[],['#e4dbdc' '#a6878b'],[],[],Activa,[],,
Rodapié Mat Kaki,87851,Rodapiés,Página 6 / Básicos,VariantesDeColor,73,[],[],[],[],[],Kaki,,[],['#e7dfd5' '#b29576'],[],[],Activa,[],,
Mosquitero Plegable Mat Gris,88885,Mosquitero Plegable,Página 6 / Básicos,Sublinea,74,[],[],[],[],[],Mosquitero Plegable Gris,,[],[],[],[],Activa,[],,
Cojines Pampas,87710,Cojines,Página 7 / Complementos,Sublinea,1,[],[],[],[],[],Pampas,,[],['INDIVIDUAL'],[],[],Activa,[],,
Cojines Trento,88802,Cojines,Página 7 / Complementos,Sublinea,2,[],[],[],[],[],Trento,,[],['CUATRO'],[],[],Activa,[],,
Cojín Everest Barrow,87251,Cojín,Página 7 / Complementos,Sublinea,3,[],[],[],[],[],Barrow,,[],['INDIVIDUAL'],[],[],Activa,[],,
Cojín Everest Bruselas,87252,Cojín,Página 7 / Complementos,Sublinea,4,[],[],[],[],[],Bruselas,,[],['INDIVIDUAL'],[],[],Activa,[],,
Cojín Cuadrado Everest Deep Rose,88217,Cojín,Página 7 / Complementos,Sublinea,5,[],[],[],[],[],Cuadrado Everest Deep Rose,,[],[],[],[],Activa,[],,
Cojín Everest Corazón Deep Rose,88226,Cojín,Página 7 / Complementos,Sublinea,6,[],[],[],[],[],Corazón Deep Rose,,[],[],[],[],Activa,[],,
Cojín Esfera Everest Deep Rose,88242,Cojín,Página 7 / Complementos,Sublinea,7,[],[],[],[],[],Esfera Everest Deep Rose,,[],[],[],[],Activa,[],,
Cojín Esfera Everest Nebraska,88243,Cojín,Página 7 / Complementos,Sublinea,8,[],[],[],[],[],Esfera Everest Nebraska,,[],[],[],[],Activa,[],,
Cojín Deco,87514,Cojín,Página 7 / Complementos,Sublinea,9,[],[],[],[],[],Deco,,[],['DOBLE'],[],[],Activa,[],,
Cojín Santorini,87663,Cojín,Página 7 / Complementos,Sublinea,10,[],[],[],[],[],Santorini,,[],['DOBLE'],[],[],Activa,[],,
Cojín Caspio,88501,Cojín,Página 7 / Complementos,Sublinea,11,[],[],[],[],[],Caspio,,[],['DOBLE'],[],[],Activa,[],,
Cojín Adana,88794,Cojín,Página 7 / Complementos,Sublinea,12,[],[],[],[],[],Adana,,[],['DOBLE'],[],[],Activa,[],,
Cojín Rectangular Uxmal,88784,Cojín,Página 7 / Complementos,Sublinea,13,[],[],[],[],[],Rectangular Uxmal,,[],['DOBLE_VERTICAL'],[],[],Activa,[],,
Cojín Estaño,88516,Cojín,Página 7 / Complementos,Sublinea,14,[],[],[],[],[],Estaño,,[],['DOBLE'],[],[],Activa,[],,
Cojín Arena,88755,Cojín,Página 7 / Complementos,Sublinea,15,[],[],[],[],[],Arena,,[],['DOBLE'],[],[],Activa,[],,
Cojín Circular Velvet Lila,88500,Cojín,Página 7 / Complementos,Sublinea,16,[],[],[],[],[],Circular Lila,,[],['INDIVIDUAL'],[],[],Activa,[],,
Funda De Cojín Velvet Mostaza,36647,Fundas De Cojín Velvet,Página 7 / Complementos,VariantesDeColor,17,[],[],[],[],[],Mostaza,,[],['#fce9c5' '#f5b63e'],[],[],Activa,[],,
Funda De Cojín Velvet Gris,36689,Fundas De Cojín Velvet,Página 7 / Complementos,VariantesDeColor,18,[],[],[],[],[],Gris,,[],['#d5d5d5' '#737373'],[],[],Activa,[],,
Funda De Cojín Velvet Azul,36688,Fundas De Cojín Velvet,Página 7 / Complementos,VariantesDeColor,19,[],[],[],[],[],Azul,,[],['#c3c9d7' '#374c7c'],[],[],Activa,[],,
Funda De Cojín Velvet Lila,87655,Fundas De Cojín Velvet,Página 7 / Complementos,VariantesDeColor,20,[],[],[],[],[],Lila,,[],['#e6dcdc' '#ae8c8c'],[],[],Activa,[],,
Funda De Cojín Velvet Mint,88542,Fundas De Cojín Velvet,Página 7 / Complementos,VariantesDeColor,21,[],[],[],[],[],Mint,,[],['#e3e9e8' '#a2b7b5'],[],[],Activa,[],,
Funda De Cojín Waffle Turquesa,88574,Fundas De Cojín,Página 7 / Complementos,Sublinea,22,[],[],[],[],[],Waffle Turquesa,,[],[],[],[],Activa,[],,
Funda De Cojín Waffle Incienso,88573,Fundas De Cojín,Página 7 / Complementos,Sublinea,23,[],[],[],[],[],Waffle Incienso,,[],[],[],[],Activa,[],,
Funda De Cojín Creta,86786,Fundas De Cojín,Página 7 / Complementos,Sublinea,25,[],[],[],[],[],Creta,,[],[],[],[],Activa,[],,
Funda De Cojín Corzo,88762,Fundas De Cojín,Página 7 / Complementos,Sublinea,26,[],[],[],[],[],Corzo,,[],[],[],[],Activa,[],,
Funda De Cojín Cuadrado Cataluña,88793,Fundas De Cojín,Página 7 / Complementos,Sublinea,27,[],[],[],[],[],Cuadrado Cataluña,,[],[],[],[],Activa,[],,
Funda De Cojín Mérida,87500,Fundas De Cojín,Página 7 / Complementos,Sublinea,28,[],[],[],[],[],Mérida,,[],[],[],[],Activa,[],,
Funda De Cojín Rectangular Mumbai Beige,36629,Fundas De Cojín,Página 7 / Complementos,Sublinea,29,[],[],[],[],[],Rectangular Mumbai Beige,,[],[],[],[],Activa,[],,
Funda De Cojín Rect Mumbai Verde,87800,Fundas De Cojín,Página 7 / Complementos,Sublinea,30,[],[],[],[],[],Rect Mumbai Verde,,[],[],[],[],Activa,[],,
Funda De Cojín Rectangular Mumbai Gray,88586,Fundas De Cojín,Página 7 / Complementos,Sublinea,31,[],[],[],[],[],Rectangular Mumbai Gray,,[],[],[],[],Activa,[],,
Funda De Cojín Rectangular Mumbai Sand,88588,Fundas De Cojín,Página 7 / Complementos,Sublinea,32,[],[],[],[],[],Rectangular Mumbai Sand,,[],[],[],[],Activa,[],,
Funda De Cojín Cuadrado Mumbai Macrame,88587,Fundas De Cojín,Página 7 / Complementos,Sublinea,33,[],[],[],[],[],Cuadrado Mumbai Macrame,,[],[],[],[],Activa,[],,
Relleno De Cojín Cuadrado Basic,35937,Rellenos De Cojín,Página 7 / Complementos,Sublinea,34,[],[],[],[],[],Cuadrado Basic,,[],['INDIVIDUAL'],[],[],Activa,[],,
Relleno De Cojín Rectangular Basic,35989,Rellenos De Cojín,Página 7 / Complementos,Sublinea,35,[],[],[],[],[],Rectangular Basic,,[],['INDIVIDUAL'],[],[],Activa,[],,
Relleno De Cojín Cuadrado Plus,24990,Rellenos De Cojín,Página 7 / Complementos,Sublinea,36,[],[],[],[],[],Cuadrado Plus,,[],['INDIVIDUAL'],[],[],Activa,[],,
Funda De Almohada Std Novo Blush,87741,Fundas De Almohada,Página 7 / Complementos,Sublinea,37,[],[],[],[],[],Novo Blush,,[],['DOBLE_VERTICAL'],[],[],Activa,[],,
Funda De Almohada Std Novo Ultramar,87483,Fundas De Almohada,Página 7 / Complementos,Sublinea,38,[],[],[],[],[],Novo Ultramar,,[],['DOBLE_VERTICAL'],[],[],Activa,[],,
Funda De Almohada Std Novo Creta,87481,Fundas De Almohada,Página 7 / Complementos,Sublinea,39,[],[],[],[],[],Novo Creta,,[],['DOBLE_VERTICAL'],[],[],Activa,[],,
Funda De Almohada Std Velvet Gris,36254,Fundas De Almohada,Página 7 / Complementos,Sublinea,40,[],[],[],[],[],Gris,,[],['INDIVIDUAL'],[],[],Activa,[],,
Funda De Almohada Std Novo Arena,88716,Fundas De Almohada,Página 7 / Complementos,Sublinea,41,[],[],[],[],[],Novo Arena,,[],['DOBLE_VERTICAL'],[],[],Activa,[],,
Funda De Almohada Std Novo Atlántico,88753,Fundas De Almohada,Página 7 / Complementos,Sublinea,42,[],[],[],[],[],Novo Atlántico,,[],['DOBLE_VERTICAL'],[],[],Activa,[],,
Funda De Almohada Std Novo Stone,88481,Fundas De Almohada,Página 7 / Complementos,Sublinea,43,[],[],[],[],[],Novo Stone,,[],['DOBLE_VERTICAL'],[],[],Activa,[],,
Funda De Almohada Std Novo Estaño,88477,Fundas De Almohada,Página 7 / Complementos,Sublinea,44,[],[],[],[],[],Novo Estaño,,[],['DOBLE_VERTICAL'],[],[],Activa,[],,
Funda De Almohada Std Novo Olivo,86622,Fundas De Almohada,Página 7 / Complementos,Sublinea,45,[],[],[],[],[],Novo Olivo,,[],['DOBLE_SLIDER'],[],[],Activa,[],,
Funda De Almohada Std Novo Deep Rose,86621,Fundas De Almohada,Página 7 / Complementos,Sublinea,46,[],[],[],[],[],Novo Deep Rose,,[],['DOBLE_SLIDER'],[],[],Activa,[],,
Funda De Almohada Std Velvet Mint,88483,Fundas De Almohada,Página 7 / Complementos,Sublinea,47,[],[],[],[],[],Mint,,[],['INDIVIDUAL'],[],[],Activa,[],,
Funda De Almohada Europea Gris Neutral,88485,Fundas De Almohada,Página 7 / Complementos,Sublinea,48,[],[],[],[],[],Gris Neutral,,[],[],[],[],Activa,[],,
Funda De Almohada Europea Velvet Lila,87515,Fundas De Almohada,Página 7 / Complementos,Sublinea,49,[],[],[],[],[],Lila,,[],[],[],[],Activa,[],,
Funda De Almohada Europea Everest Deep Rose,88214,Fundas De Almohada,Página 7 / Complementos,Sublinea,50,[],[],[],[],[],Everest Deep Rose,,[],['INDIVIDUAL'],[],[],Activa,[],,
Funda De Almohada Europea Everest Palena,88215,Fundas De Almohada,Página 7 / Complementos,Sublinea,51,[],[],[],[],[],Everest Palena,,[],[],[],[],Activa,[],,
Funda De Almohada Europea Xl Everest Barrow,87247,Fundas De Almohada,Página 7 / Complementos,Sublinea,52,[],[],[],[],[],Everest Barrow,,[],[],[],[],Activa,[],,
Funda De Almohada Europea Muselina Salvia,88705,Fundas De Almohada,Página 7 / Complementos,Sublinea,53,[],[],[],[],[],Muselina Salvia,,[],[],[],[],Activa,[],,
Funda De Almohada Europea Waffle Turquesa,88571,Fundas De Almohada,Página 7 / Complementos,Sublinea,54,[],[],[],[],[],Waffle Turquesa,,[],[],[],[],Activa,[],,
Funda De Almohada Europea Waffle Incienso,88572,Fundas De Almohada,Página 7 / Complementos,Sublinea,55,[],[],[],[],[],Waffle Incienso,,[],[],[],[],Activa,[],,
Funda De Almohada Std Basic Gris,35867,Fundas De Almohada,Página 7 / Complementos,Sublinea,56,[],[],[],[],[],Basic Gris,,[],[],[],[],Activa,[],,
Funda De Almohada Std Voga Peony,88809,Fundas De Almohada,Página 7 / Complementos,Sublinea,57,[],[],[],[],[],Voga Peony,,[],['INDIVIDUAL'],[],[],Activa,[],,
Funda De Almohada Europea Voga Iris,88504,Fundas De Almohada,Página 7 / Complementos,Sublinea,58,[],[],[],[],[],Voga Iris,,[],[],[],[],Activa,[],,
Funda De Almohada Std Voga Perla,88503,Fundas De Almohada,Página 7 / Complementos,Sublinea,59,[],[],[],[],[],Voga Perla,,[],['INDIVIDUAL'],[],[],Activa,[],,
Relleno Almohada Std Balance,35838,Fundas De Almohada,Página 7 / Complementos,Sublinea,60,[],[],[],[],[],Relleno Balance,,[],['INDIVIDUAL'],[],[],Activa,[],,
Bolsa De Regalo Vianney 24-25,88757,Bolsa De Regalo,Página 7 / Complementos,Sublinea,61,[],[],[],[],[],Bolsa De Regalo Vianney 24-25,,[],[],[],[],Activa,[],,
Camino De Mesa Gde Mumbai Olivo,88790,Caminos De Mesa,Página 8 / Comedor y Sala,Sublinea,1,[],[],[],[],[],Mumbai Olivo,,[],[],[],[],Activa,[],,
Camino De Mesa Gde Mumbai Gris,87783,Caminos De Mesa,Página 8 / Comedor y Sala,Sublinea,2,[],[],[],[],[],Mumbai Gris,,[],[],[],[],Activa,[],,
Camino De Mesa Gde Mumbai Siena,87785,Caminos De Mesa,Página 8 / Comedor y Sala,Sublinea,3,[],[],[],[],[],Mumbai Siena,,[],[],[],[],Activa,[],,
Camino De Mesa Gde Mumbai Incienso,88592,Caminos De Mesa,Página 8 / Comedor y Sala,Sublinea,4,[],[],[],[],[],Mumbai Incienso,,[],[],[],[],Activa,[],,
Camino De Mesa Gde Corzo,88761,Caminos De Mesa,Página 8 / Comedor y Sala,Sublinea,5,[],[],[],[],[],Corzo,,[],[],[],[],Activa,[],,
Camino De Mesa Gde Valencia,88854,Caminos De Mesa,Página 8 / Comedor y Sala,Sublinea,6,[],[],[],[],[],Valencia,,[],[],[],[],Activa,[],,
Camino De Mesa Gde Ibiza,86760,Caminos De Mesa,Página 8 / Comedor y Sala,Sublinea,7,[],[],[],[],[],Ibiza,,[],[],[],[],Activa,[],,
Camino De Mesa Gde Mumbai Atlántico,88590,Caminos De Mesa,Página 8 / Comedor y Sala,Sublinea,8,[],[],[],[],[],Mumbai Atlántico,,[],[],[],[],Activa,[],,
Camino De Mesa Gde Mumbai Arena,87810,Caminos De Mesa,Página 8 / Comedor y Sala,Sublinea,9,[],[],[],[],[],Mumbai Arena,,[],[],[],[],Activa,[],,
Camino De Mesa Gde Mumbai Beige,42639,Caminos De Mesa,Página 8 / Comedor y Sala,Sublinea,10,[],[],[],[],[],Mumbai Beige,,[],[],[],[],Activa,[],,
Par Manteles Individuales Bambú,88611,Manteles Individuales,Página 8 / Comedor y Sala,Sublinea,11,[],[],[],[],[],Bambú,,[],[],[],[],Activa,[],,
Par Manteles Individuales Oval,88610,Manteles Individuales,Página 8 / Comedor y Sala,Sublinea,12,[],[],[],[],[],Oval,,[],[],[],[],Activa,[],,
Manteles Individuales Textura Acero,13276,Manteles Individuales,Página 8 / Comedor y Sala,Sublinea,13,[],[],[],[],[],Textura Acero,,[],[],[],[],Activa,[],,
Manteles Individuales Gold,48501,Manteles Individuales,Página 8 / Comedor y Sala,Sublinea,14,[],[],[],[],[],Gold,,[],[],[],[],Activa,[],,
Manteles Individuales Ajijic,87216,Manteles Individuales,Página 8 / Comedor y Sala,Sublinea,15,[],[],[],[],[],Ajijic,,[],[],[],[],Activa,[],,
Par Manteles Individuales Japandi,87485,Manteles Individuales,Página 8 / Comedor y Sala,Sublinea,16,[],[],[],[],[],Japandi,,[],[],[],[],Activa,[],,
Mantel Rectangular Creta,88855,Manteles,Página 8 / Comedor y Sala,Sublinea,17,[],[],[],[],[],Creta,,[],[],[],[],Activa,[],,
Mantel Rectangular Asturias,88858,Manteles,Página 8 / Comedor y Sala,Sublinea,18,[],[],[],[],[],Asturias,,[],[],[],[],Activa,[],,
Mantel Rectangular Cairo,12306,Manteles,Página 8 / Comedor y Sala,Sublinea,19,[],[],[],[],[],Cairo,,[],[],[],[],Activa,[],,
Mantel Rectangular Castilla,87906,Manteles,Página 8 / Comedor y Sala,Sublinea,20,[],[],[],[],[],Castilla,,[],[],[],[],Activa,[],,
Cortina D Tarento,88620,Cortinas,Página 8 / Comedor y Sala,Sublinea,21,[],[],[],[],[],Cortina D Tarento,,[],[],[],[],Activa,[],,
Cortina Trans D Mumbai Blanca,87799,Cortinas,Página 8 / Comedor y Sala,Sublinea,22,[],[],[],[],[],Cortina Trans D Mumbai Blanca,,[],[],[],[],Activa,[],,
Cortina D Ibiza,86765,Cortinas,Página 8 / Comedor y Sala,Sublinea,23,[],[],[],[],[],Cortina D Ibiza,,[],[],[],[],Activa,[],,
Mantel Rectangular Flor De Durazno,88890,Juego de Cocina,Página 8 / Comedor y Sala,AmbienteConMiniambiente,24,[],['88891' 'Cortinas C Flor De Durazno'],[],[],['88892' 'Jgo Cortinas B Flor De Durazno'],Flor De Durazno,Jgo de Cocina,[],['#' 'HORIZONTAL' 'NADA'],[],[],Activa,[],,
Mantel Rectangular Puebla,12499,Juego de Cocina,Página 8 / Comedor y Sala,AmbienteConMiniambiente,25,[],['11710' 'Cortinas C Puebla'],[],[],['11709' 'Jgo Cortinas B Puebla'],Puebla,Jgo de Cocina,[],['#f9f5f2' 'DOBLE' 'NADA'],[],[],Activa,[],,
Mantel Rectangular Huerta,87844,Juego de Cocina,Página 8 / Comedor y Sala,AmbienteConMiniambiente,26,[],['88893' 'Cortina C Huerta'],[],[],['87846' 'Jgo Cortinas B Huerta'],Huerta,Jgo de Cocina,[],['#' 'HORIZONTAL' 'NADA'],[],[],Activa,[],,
Cojín Multiusos Porto Denim,88609,Cojín Multiusos Porto,Página 8 / Comedor y Sala,VariantesDeColor,27,[],[],[],[],[],Denim,,[],['#cfdbe8' '#6089b5'],[],[],Activa,[],,
Cojín Multiusos Porto Kaki,88608,Cojín Multiusos Porto,Página 8 / Comedor y Sala,VariantesDeColor,28,[],[],[],[],[],Kaki,,[],['#efe8e3' '#cab5a3'],[],[],Activa,[],,
Cojín Multiusos Porto Gris Glaciar,88607,Cojín Multiusos Porto,Página 8 / Comedor y Sala,VariantesDeColor,29,[],[],[],[],[],Gris Glaciar,,[],['#efeff0' '#cccbcd'],[],[],Activa,[],,
Protector Silla Veli Dammar,75140,Protectores de Silla,Página 8 / Comedor y Sala,AmbienteConMiniambiente,30,[],[],[],[],[],Veli Dammar,Protector Silla,[],['#f3cccf' '' 'NADA'],[],[],Activa,[],,
Protector Silla Veli Marino,75143,Protectores de Silla,Página 8 / Comedor y Sala,AmbienteConMiniambiente,31,[],[],[],[],[],Veli Marino,Protector Silla,[],['#c5d1e0' '' 'NADA'],[],[],Activa,[],,
Protector Silla Niza Kaki,88534,Protectores de Silla,Página 8 / Comedor y Sala,AmbienteConMiniambiente,32,[],[],[],[],[],Niza Kaki,Protector Silla,[],['#e9e4dd' '' 'NADA'],[],[],Activa,[],,
Protector Silla Niza Café,87625,Protectores de Silla,Página 8 / Comedor y Sala,AmbienteConMiniambiente,33,[],[],[],[],[],Niza Café,Protector Silla,[],['#eeeae5' '' 'NADA'],[],[],Activa,[],,
Mandil Creta,88895,Mandiles,Página 8 / Comedor y Sala,Sublinea,34,[],[],[],[],[],Creta,,[],[],[],[],Activa,[],,
Mandil Estaño,88894,Mandiles,Página 8 / Comedor y Sala,Sublinea,35,[],[],[],[],[],Estaño,,[],[],[],[],Activa,[],,
Mandil Premium,77560,Mandiles,Página 8 / Comedor y Sala,Sublinea,36,[],[],[],[],[],Premium,,[],[],[],[],Activa,[],,
Mandil Ibiza,86764,Mandiles,Página 8 / Comedor y Sala,Sublinea,37,[],[],[],[],[],Ibiza,,[],[],[],[],Activa,[],,
Funda De Sillón Niza Sofá Greige,87634,Funda De Sillón Niza,Página 8 / Comedor y Sala,AmbienteConMiniambiente,38,[],[],[],[],[],Greige,Funda de Sillón,[],['#eeebea' '' 'VARIANTES'],[],[],Activa,[],,
Funda De Sillón Niza Sofá Verde,88523,Funda De Sillón Niza,Página 8 / Comedor y Sala,AmbienteConMiniambiente,39,[],[],[],[],[],Verde,Funda de Sillón,[],['#e7e4e1' '' 'VARIANTES'],[],[],Activa,[],,
Funda De Sillón Niza Sofá Gris,86677,Funda De Sillón Niza,Página 8 / Comedor y Sala,AmbienteConMiniambiente,40,[],[],[],[],[],Gris,Funda de Sillón,[],['#ece7e2' '' 'VARIANTES'],[],[],Activa,[],,
Funda De Sillón Niza Sofá Mango,88526,Funda De Sillón Niza,Página 8 / Comedor y Sala,AmbienteConMiniambiente,41,[],[],[],[],[],Mango,Funda de Sillón,[],['#f8e2c2' '' 'VARIANTES'],[],[],Activa,[],,
Funda De Sillón Niza Sofá Marino,87640,Funda De Sillón Niza,Página 8 / Comedor y Sala,AmbienteConMiniambiente,42,[],[],[],[],[],Marino,Funda de Sillón,[],['#c5cad5' '' 'VARIANTES'],[],[],Activa,[],,
Funda De Sillón Niza Sofá Kaki,88529,Funda De Sillón Niza,Página 8 / Comedor y Sala,AmbienteConMiniambiente,43,[],[],[],[],[],Kaki,Funda de Sillón,[],['#e7e3e0' '' 'VARIANTES'],[],[],Activa,[],,
Funda De Sillón Niza Sofá Café,81009,Funda De Sillón Niza,Página 8 / Comedor y Sala,AmbienteConMiniambiente,44,[],[],[],[],[],Café,Funda de Sillón,[],['#d5cac6' '' 'VARIANTES'],[],[],Activa,[],,
Fundas De Silla Niza Gris,86672,Fundas De Silla Niza,Página 8 / Comedor y Sala,VariantesDeColor,45,[],[],[],[],[],Niza Gris,,[],['#d3d3d3' '#6f6f6f'],[],[],Activa,[],,
Fundas De Silla Niza Kaki,86673,Fundas De Silla Niza,Página 8 / Comedor y Sala,VariantesDeColor,46,[],[],[],[],[],Niza Kaki,,[],['#eae1d9' '#b99c82'],[],[],Activa,[],,
Fundas De Silla Niza Greige,88532,Fundas De Silla Niza,Página 8 / Comedor y Sala,VariantesDeColor,47,[],[],[],[],[],Niza Greige,,[],['#e6e2df' '#aca097'],[],[],Activa,[],,
Fundas De Silla Niza Verde,88533,Fundas De Silla Niza,Página 8 / Comedor y Sala,VariantesDeColor,48,[],[],[],[],[],Niza Verde,,[],['#dee1da' '#929d85'],[],[],Activa,[],,
Fundas De Silla Niza Café,87641,Fundas De Silla Niza,Página 8 / Comedor y Sala,VariantesDeColor,49,[],[],[],[],[],Niza Café,,[],['#c7c0c1' '#453031'],[],[],Activa,[],,
Protector De Sala Sofá Dammar,81367,Protectores De Sala,Página 8 / Comedor y Sala,AmbienteConMiniambiente,50,[],[],[],[],[], Dammar,Protector de Sala,[],['#eae6e1' '' 'VARIANTES'],[],[],Activa,[],,
Protector De Sala Sofá Gris Neutral,88583,Protectores De Sala,Página 8 / Comedor y Sala,AmbienteConMiniambiente,51,[],[],[],[],[], Gris Neutral,Protector de Sala,[],['#e0dcd8' '' 'VARIANTES'],[],[],Activa,[],,
Protector De Sala Sofá Beige,88580,Protectores De Sala,Página 8 / Comedor y Sala,AmbienteConMiniambiente,52,[],[],[],[],[], Beige,Protector de Sala,[],['#d0cdcb' '' 'VARIANTES'],[],[],Activa,[],,
Protector De Sala Sofá Café,87840,Protectores De Sala,Página 8 / Comedor y Sala,AmbienteConMiniambiente,53,[],[],[],[],[], Café,Protector de Sala,[],['#cfc9c5' '' 'VARIANTES'],[],[],Activa,[],,
Adorno De Pared Cruz,71427,Decoración,Página 9 / Decoración,Sublinea,1,[],[],[],[],[],Adorno De Pared Cruz,,[],[],[],[],Activa,[],,
Figura Decorativa Sagrada Familia,42564,Decoración,Página 9 / Decoración,Sublinea,2,[],[],[],[],[],Figura Decorativa Sagrada Familia,,[],[],[],[],Activa,[],,
Jgo De Velas Led,77562,Decoración,Página 9 / Decoración,Sublinea,3,[],[],[],[],[],Jgo De Velas Led,,[],[],[],[],Activa,[],,
Cuadro Virgen,71428,Cuadros,Página 9 / Decoración,Sublinea,4,[],[],[],[],[],Cuadro Virgen,,[],[],[],[],Activa,[],,
Cuadro Virgen De Guadalupe,87310,Cuadros,Página 9 / Decoración,Sublinea,5,[],[],[],[],[],Cuadro Virgen De Guadalupe,,[],[],[],[],Activa,[],,
Cuadro Angelito,87577,Cuadros,Página 9 / Decoración,Sublinea,6,[],[],[],[],[],Cuadro Angelito,,[],[],[],[],Activa,[],,
Jgo Espejos Auria,51001,Espejos,Página 9 / Decoración,Sublinea,7,[],[],[],[],[],Auria,,[],[],[],[],Activa,[],,
Jgo Espejos Gota,42624,Espejos,Página 9 / Decoración,Sublinea,8,[],[],[],[],[],Gota,,[],[],[],[],Activa,[],,
Jgo Espejos Asturias,86920,Espejos,Página 9 / Decoración,Sublinea,9,[],[],[],[],[],Asturias,,[],[],[],[],Activa,[],,
Jgo Espejos Deco,88181,Espejos,Página 9 / Decoración,Sublinea,10,[],[],[],[],[],Deco,,[],[],[],[],Activa,[],,
Portarretratos Love,51009,Portarretratos,Página 9 / Decoración,Sublinea,11,[],[],[],[],[],Love,,[],[],[],[],Activa,[],,
Portarretratos Luro,51130,Portarretratos,Página 9 / Decoración,Sublinea,12,[],[],[],[],[],Luro,,[],[],[],[],Activa,[],,
Portarretratos Home,88197,Portarretratos,Página 9 / Decoración,Sublinea,13,[],[],[],[],[],Home,,[],[],[],[],Activa,[],,
Perchero Tula,87241,Repisas,Página 9 / Decoración,Sublinea,14,[],[],[],[],[],Perchero Tula,,[],[],[],[],Activa,[],,
Repisa Calkini,51117,Repisas,Página 9 / Decoración,Sublinea,15,[],[],[],[],[],Calkini,,[],[],[],[],Activa,[],,
Repisa Parra,55176,Repisas,Página 9 / Decoración,Sublinea,16,[],[],[],[],[],Parra,,[],[],[],[],Activa,[],,
Repisa Comitán,42627,Repisas,Página 9 / Decoración,Sublinea,17,[],[],[],[],[],Comitán,,[],[],[],[],Activa,[],,
Jgo Repisas Taxco,54823,Repisas,Página 9 / Decoración,Sublinea,18,[],[],[],[],[],Jgo Repisas Taxco,,[],[],[],[],Activa,[],,
Jgo Repisas Tonalá,88176,Repisas,Página 9 / Decoración,Sublinea,19,[],[],[],[],[],Jgo Repisas Tonalá,,[],[],[],[],Activa,[],,
Repisa Mina Natural,51213,Repisas,Página 9 / Decoración,Sublinea,20,[],[],[],[],[],Mina Natural,,[],[],[],[],Activa,[],,
Repisa Ixtlán,88175,Repisas,Página 9 / Decoración,Sublinea,21,[],[],[],[],[],Ixtlán,,[],[],[],[],Activa,[],,
Tapete Decorativo Mumbai Hojas,88584,Tapetes Decorativos,Página 9 / Decoración,VariantesDeColor,22,[],[],[],[],[],Mumbai Hojas,,[],['#dad8d9' '#848081'],[],[],Activa,[],,
Tapete Decorativo Mumbai Azul,87758,Tapetes Decorativos,Página 9 / Decoración,VariantesDeColor,23,[],[],[],[],[],Mumbai Azul,,[],['#c0c8d0' '#2f4964'],[],[],Activa,[],,
Tapete Decorativo Everest Aria,88715,Tapetes Decorativos,Página 9 / Decoración,VariantesDeColor,24,[],[],[],[],[],Everest Aria,,[],['#e1e1dc' '#9b9b8d'],[],[],Activa,[],,
Tapete Decorativo Everest Deep Rose,88236,Tapetes Decorativos,Página 9 / Decoración,VariantesDeColor,25,[],[],[],[],[],Everest Deep Rose,,[],['#f0dcd8' '#d08b7e'],[],[],Activa,[],,
Tapete Decorativo Everest Barrow,87229,Tapetes Decorativos,Página 9 / Decoración,VariantesDeColor,26,[],[],[],[],[],Everest Barrow,,[],['#e9eaec' '#b7bcc0'],[],[],Activa,[],,
Bolsa De Regalo Vianney 24-25,88757,Bolsa De Regalo,Página 9 / Decoración,Sublinea,27,[],[],[],[],[],Bolsa De Regalo Vianney 24-25,,[],[],[],[],Activa,[],,
Cortinas Blackout Larga Catania Kaki,88629,Cortinas Blackout,Página 10 / Cortinas,VariantesDeColor,1,[],[],[],[],[],Catania Kaki,,[],['#e7e1d8' '#af9b7e'],[],[],Activa,[],,
Cortinas Blackout Larga Catania Blush,88631,Cortinas Blackout,Página 10 / Cortinas,VariantesDeColor,2,[],[],[],[],[],Catania Blush,,[],['#dccfd1' '#8d6266'],[],[],Activa,[],,
Cortinas Blackout Larga Catania Celeste,88414,Cortinas Blackout,Página 10 / Cortinas,VariantesDeColor,3,[],[],[],[],[],Catania Celeste,,[],['#e0e6e8' '#98aeb5'],[],[],Activa,[],,
Cortinas Blackout Larga Catania Marino,63946,Cortinas Blackout,Página 10 / Cortinas,VariantesDeColor,4,[],[],[],[],[],Catania Marino,,[],['#b5b3c6' '#0b0441'],[],[],Activa,[],,
Cortinas Blackout Larga Catania Beige,63930,Cortinas Blackout,Página 10 / Cortinas,VariantesDeColor,5,[],[],[],[],[],Catania Beige,,[],['#fbf7e5' '#f4e6ab'],[],[],Activa,[],,
Cortinas Blackout Larga Catania Gris,63961,Cortinas Blackout,Página 10 / Cortinas,VariantesDeColor,6,[],[],[],[],[],Catania Gris,,[],['#d3d1d2' '#6d6869'],[],[],Activa,[],,
Cortinas Blackout Larga Catania Deep Rose,87546,Cortinas Blackout,Página 10 / Cortinas,VariantesDeColor,7,[],[],[],[],[],Catania Deep Rose,,[],['#efdcdb' '#cc8c88'],[],[],Activa,[],,
Cortinas Blackout Larga Catania Lila,87548,Cortinas Blackout,Página 10 / Cortinas,VariantesDeColor,8,[],[],[],[],[],Catania Lila,,[],['#e6dcdc' '#ae8c8b'],[],[],Activa,[],,
Cortinas Ravenna Larga Marfil,63932,Cortinas Ravenna,Página 10 / Cortinas,VariantesDeColor,9,[],[],[],[],[],Marfil,,[],['#fffaf5' '#fff1df'],[],[],Activa,[],,
Cortinas Ravenna Larga Kaki,87835,Cortinas Ravenna,Página 10 / Cortinas,VariantesDeColor,10,[],[],[],[],[],Kaki,,[],['#ece3d9' '#c0a383'],[],[],Activa,[],,
Cortinas Ravenna Larga Gris Glaciar,87836,Cortinas Ravenna,Página 10 / Cortinas,VariantesDeColor,11,[],[],[],[],[],Gris Glaciar,,[],['#eeeded' '#c9c5c3'],[],[],Activa,[],,
"Cortinas Duo 1,30X1,50 Gris",64136,Cortinas Duo,Página 10 / Cortinas,Sublinea,12,[],[],[],[],[],"Cortinas Duo 1,30X1,50 Gris",,[],[],[],[],Activa,[],,
Cortinas Viasoft Larga Gris,63988,Cortinas Viasoft,Página 10 / Cortinas,VariantesDeColor,13,[],[],[],[],[],Gris,,[],['#dcdeda' '#8c9384'],['viasoft'],[],Activa,[],,
Cortinas Viasoft Larga Marino,63987,Cortinas Viasoft,Página 10 / Cortinas,VariantesDeColor,14,[],[],[],[],[],Marino,,[],['#b5b3c6' '#0b0441'],['viasoft'],[],Activa,[],,
Cortinas Viasoft Larga Lila,88488,Cortinas Viasoft,Página 10 / Cortinas,VariantesDeColor,15,[],[],[],[],[],Lila,,[],['#e6dcdc' '#ae8c8b'],['viasoft'],[],Activa,[],,
Cortinas Viasoft Larga Almond,88486,Cortinas Viasoft,Página 10 / Cortinas,VariantesDeColor,16,[],[],[],[],[],Almond,,[],['#f3eeeb' '#d8c9be'],['viasoft'],[],Activa,[],,
Cortinas Viasoft Larga Rosa Matura,64045,Cortinas Viasoft,Página 10 / Cortinas,VariantesDeColor,17,[],[],[],[],[],Rosa Matura,,[],['#f9ece8' '#ecc2b3'],['viasoft'],[],Activa,[],,
Cortinas Viasoft Corta Terracota,88649,Cortinas Viasoft,Página 10 / Cortinas,VariantesDeColor,18,[],[],[],[],[],Terracota,,[],['#f2ddd6' '#d68f77'],['viasoft'],[],Activa,[],,
Cortinas Viasoft Larga Blush,88457,Cortinas Viasoft,Página 10 / Cortinas,VariantesDeColor,19,[],[],[],[],[],Blush,,[],['#dfcfd1' '#975f66'],['viasoft'],[],Activa,[],,
Cortinas Viasoft Larga Glaciar,87473,Cortinas Viasoft,Página 10 / Cortinas,VariantesDeColor,20,[],[],[],[],[],Glaciar,,[],['#f1eeec' '#d1c7c1'],['viasoft'],[],Activa,[],,
Cortinas Viasoft Washed Larga Kaki,88627,Cortinas Viasoft Washed,Página 10 / Cortinas,VariantesDeColor,21,[],[],[],[],[],Washed Kaki,,[],['#f0eae0' '#cebb9a'],['viasoft'],[],Activa,[],,
Cortinas Viasoft Washed Larga Mint,88549,Cortinas Viasoft Washed,Página 10 / Cortinas,VariantesDeColor,22,[],[],[],[],[],Washed Mint,,[],['#e4eaea' '#a6bcba'],['viasoft'],[],Activa,[],,
Cortinas Translúcidas Larga Tergal Beige,87863,Cortinas Translúcidas,Página 10 / Cortinas,Sublinea,23,[],[],[],[],[],Tergal Beige,,[],[],[],[],Activa,[],,
Cortinas Translúcidas Larga Tergal Blanco,87865,Cortinas Translúcidas,Página 10 / Cortinas,Sublinea,24,[],[],[],[],[],Tergal Blanco,,[],[],[],[],Activa,[],,
Cortinas Translúcidas Larga Tarento,88530,Cortinas Translúcidas,Página 10 / Cortinas,Sublinea,25,[],[],[],[],[],Tarento,,[],[],[],[],Activa,[],,
Cortinas Translúcidas Larga Verona,87868,Cortinas Translúcidas,Página 10 / Cortinas,Sublinea,26,[],[],[],[],[],Verona,,[],[],[],[],Activa,[],,
Cortinas Translúcidas Larga Florencia,87448,Cortinas Translúcidas,Página 10 / Cortinas,Sublinea,27,[],[],[],[],[],Florencia,,[],[],[],[],Activa,[],,
Sujetadores De Cortina Gris,87624,Sujetadores De Cortina,Página 10 / Cortinas,Sublinea,28,[],[],[],[],[],Sujetadores De Cortina Gris,,[],[],[],[],Activa,[],,
Terminales Congo,65172,Terminales,Página 10 / Cortinas,Sublinea,29,[],[],[],[],[],Terminales Congo,,[],[],[],[],Activa,[],,
Terminales Nilo,65169,Terminales,Página 10 / Cortinas,Sublinea,30,[],[],[],[],[],Terminales Nilo,,[],[],[],[],Activa,[],,
Terminales Cartago,65010,Terminales,Página 10 / Cortinas,Sublinea,31,[],[],[],[],[],Terminales Cartago,,[],[],[],[],Activa,[],,
"Tubo 1,00A1,80 Sencillo Congo",65174,Tubos,Página 10 / Cortinas,Sublinea,32,[],[],[],[],[],Tubo Sencillo Congo,,[],[],[],[],Activa,[],,
"Tubo 1,00A1,80 Doble Congo",65176,Tubos,Página 10 / Cortinas,Sublinea,33,[],[],[],[],[],Tubo Doble Congo,,[],[],[],[],Activa,[],,
"Tubo 1,00A1,80 Sencillo Olimpia",65151,Tubos,Página 10 / Cortinas,Sublinea,34,[],[],[],[],[],Tubo Sencillo Olimpia,,[],[],[],[],Activa,[],,
"Tubo 1,00A1,80 Doble Olimpia",65153,Tubos,Página 10 / Cortinas,Sublinea,35,[],[],[],[],[],Tubo Doble Olimpia,,[],[],[],[],Activa,[],,
Toalla Caribe Baño Marino,44199,Toallas Caribe,Página 11 / Baño,VariantesDeColor,1,[],[],[],[],[],Marino,,[],['#b6c1ca' '#0d334f'],[],[],Activa,[],,
Toalla Caribe Baño Turquesa,44203,Toallas Caribe,Página 11 / Baño,VariantesDeColor,2,[],[],[],[],[],Turquesa,,[],['#b4d2d7' '#076c7c'],[],[],Activa,[],,
Toalla Caribe Baño Deep Rose,87432,Toallas Caribe,Página 11 / Baño,VariantesDeColor,3,[],[],[],[],[],Deep Rose,,[],['#f3e1e1' '#d89d9b'],[],[],Activa,[],,
Toalla Caribe Baño Lila,86716,Toallas Caribe,Página 11 / Baño,VariantesDeColor,4,[],[],[],[],[],Lila,,[],['#e9e6ee' '#b6aec9'],[],[],Activa,[],,
Toalla Caribe Baño Bugambilia,44204,Toallas Caribe,Página 11 / Baño,VariantesDeColor,5,[],[],[],[],[],Bugambilia,,[],['#d2bbc9' '#6c1d4c'],[],[],Activa,[],,
Toalla Caribe Baño Aqua,88450,Toallas Caribe,Página 11 / Baño,VariantesDeColor,6,[],[],[],[],[],Aqua,,[],['#e0eaec' '#99b9c1'],[],[],Activa,[],,
Toalla Caribe Baño Olivo,88769,Toallas Caribe,Página 11 / Baño,VariantesDeColor,7,[],[],[],[],[],Olivo,,[],['#d8d8cf' '#807d5f'],[],[],Activa,[],,
Toalla Caribe Baño Gris,88770,Toallas Caribe,Página 11 / Baño,VariantesDeColor,8,[],[],[],[],[],Gris,,[],['#e2e0e0' '#9f9a98'],[],[],Activa,[],,
Toalla Balandra 1/2 Baño Azul,88531,Toallas Balandra,Página 11 / Baño,Sublinea,9,[],[],[],[],[],Azul,,[],['INDIVIDUAL'],[],[],Activa,[],,
Toalla Balandra 1/2 Baño Rosa,48528,Toallas Balandra,Página 11 / Baño,Sublinea,10,[],[],[],[],[],Rosa,,[],['INDIVIDUAL'],[],[],Activa,[],,
Toalla Balandra 1/2 Baño Hojas,87643,Toallas Balandra,Página 11 / Baño,Sublinea,11,[],[],[],[],[],Hojas,,[],['INDIVIDUAL'],[],[],Activa,[],,
Toalla Modal Baño Ocre,88412,Toallas Modal,Página 11 / Baño,VariantesDeColor,12,[],[],[],[],[],Ocre,,[],['#ddcfc2' '#905f36'],[],[],Activa,[],,
Toalla Modal Baño Blush,88413,Toallas Modal,Página 11 / Baño,VariantesDeColor,13,[],[],[],[],[],Blush,,[],['#e6d6da' '#ac7984'],[],[],Activa,[],,
Toalla Modal Baño Azul,42536,Toallas Modal,Página 11 / Baño,VariantesDeColor,14,[],[],[],[],[],Azul,,[],['#cdd2dc' '#596c8d'],[],[],Activa,[],,
Toalla Modal Baño Lila,42486,Toallas Modal,Página 11 / Baño,VariantesDeColor,15,[],[],[],[],[],Lila,,[],['#eadeec' '#bb93c1'],[],[],Activa,[],,
Toalla Modal Baño Deep Blue,42572,Toallas Modal,Página 11 / Baño,VariantesDeColor,16,[],[],[],[],[],Deep Blue,,[],['#b8cdd4' '#155971'],[],[],Activa,[],,
Toalla Modal Baño Verde,42832,Toallas Modal,Página 11 / Baño,VariantesDeColor,17,[],[],[],[],[],Verde,,[],['#dfe0d9' '#959982'],[],[],Activa,[],,
Jgo Toallas Voga Lyon Pullman,88783,Toallas Voga,Página 11 / Baño,VariantesDeColor,18,[],[],[],[],[],Jgo Toallas Voga Lyon,,[],['#e5eedf' '#aac797'],[],[],Activa,[],,
Jgo Toallas Voga Arlés Pullman,42576,Toallas Voga,Página 11 / Baño,VariantesDeColor,19,[],[],[],[],[],Jgo Toallas Voga Arlés,,[],['#f3e4e1' '#d7a89e'],[],[],Activa,[],,
Jgo Toallas Voga Marsella Pullman,86722,Toallas Voga,Página 11 / Baño,VariantesDeColor,20,[],[],[],[],[],Jgo Toallas Voga Marsella,,[],['#eaf2f2' '#bad4d4'],[],[],Activa,[],,
Toalla Tulum 1/2 Baño Verde,88767,Toallas Tulum,Página 11 / Baño,VariantesDeColor,21,[],[],[],[],[],Verde,,[],['#e0ddd3' '#99906e'],[],[],Activa,[],,
Toalla Tulum 1/2 Baño Aqua,88768,Toallas Tulum,Página 11 / Baño,VariantesDeColor,22,[],[],[],[],[],Aqua,,[],['#cfdce0' '#618d99'],[],[],Activa,[],,
Toalla Tulum 1/2 Baño Bugambilia,43842,Toallas Tulum,Página 11 / Baño,VariantesDeColor,23,[],[],[],[],[],Bugambilia,,[],['#e0c5d9' '#983f82'],[],[],Activa,[],,
Toalla Tulum Baño Marino,88766,Toallas Tulum,Página 11 / Baño,VariantesDeColor,24,[],[],[],[],[],Marino,,[],['#bfc8d8' '#2a497e'],[],[],Activa,[],,
Toalla Tulum 1/2 Baño Deep Rose,87437,Toallas Tulum,Página 11 / Baño,VariantesDeColor,25,[],[],[],[],[],Deep Rose,,[],['#e8d8d3' '#b37d6d'],[],[],Activa,[],,
Toalla Tulum 1/2 Baño Capri,88664,Toallas Tulum,Página 11 / Baño,VariantesDeColor,26,[],[],[],[],[],Capri,,[],['#e5d5bd' '#aa7323'],[],[],Activa,[],,
Toalla Tulum Baño Rosé,88765,Toallas Tulum,Página 11 / Baño,VariantesDeColor,27,[],[],[],[],[],Rosé,,[],['#f5eded' '#dfc6c4'],[],[],Activa,[],,
Toalla Mawi Baño Franjas,42466,Toallas Mawi,Página 11 / Baño,VariantesDeColor,28,[],[],[],[],[],Franjas,,[],['#cfd5d7' '#5f757c'],[],[],Activa,[],,
Toalla Mawi Baño Gris,42567,Toallas Mawi,Página 11 / Baño,VariantesDeColor,29,[],[],[],[],[],Gris,,[],['#dfdddd' '#968e8e'],[],[],Activa,[],,
Toalla Mawi Baño Deep Blue,42604,Toallas Mawi,Página 11 / Baño,VariantesDeColor,30,[],[],[],[],[],Deep Blue,,[],['#bdc8cd' '#234a5b'],[],[],Activa,[],,
Toalla Mawi Baño Malva,87434,Toallas Mawi,Página 11 / Baño,VariantesDeColor,31,[],[],[],[],[],Malva,,[],['#eae2e5' '#bc9faa'],[],[],Activa,[],,
Toalla Mawi Baño Kentia,87815,Toallas Mawi,Página 11 / Baño,VariantesDeColor,32,[],[],[],[],[],Kentia,,[],['#e5e8e7' '#a9b4b1'],[],[],Activa,[],,
Toalla Microsport Gym Lila,88566,Toallas Microsport,Página 11 / Baño,Sublinea,33,[],[],[],[],[],Gym Lila,,[],[],[],[],Activa,[],,
Toalla Microsport Gym Negro,42459,Toallas Microsport,Página 11 / Baño,Sublinea,34,[],[],[],[],[],Gym Negro,,[],[],[],[],Activa,[],,
Toalla Bordada Pullman Creta,87858,Toalla Bordada,Página 11 / Baño,Sublinea,35,[],[],[],[],[],Toalla Bordada Creta,,[],[],[],[],Activa,[],,
Bata De Baño Uni Tulum Gris,88408,Batas De Baño,Página 11 / Baño,VariantesDeColor,36,[],[],[],[],[],Tulum Gris,,[],['#e3e1e0' '#a49e99'],[],[],Activa,[],,
Bata De Baño Uni Tulum Marino,88394,Batas De Baño,Página 11 / Baño,VariantesDeColor,37,[],[],[],[],[],Tulum Marino,,[],['#bec8d4' '#284971'],[],[],Activa,[],,
Bata De Baño Uni Tulum Deep Rose,88395,Batas De Baño,Página 11 / Baño,VariantesDeColor,38,[],[],[],[],[],Tulum Deep Rose,,[],['#f5dcda' '#de8b84'],[],[],Activa,[],,
Bata De Baño Uni Soft Gris,88407,Batas De Baño,Página 11 / Baño,VariantesDeColor,39,[],[],[],[],[],Gris,,[],['#e4e5e5' '#a6abaa'],[],[],Activa,[],,
Bata De Baño Uni Soft Marino,52043,Batas De Baño,Página 11 / Baño,VariantesDeColor,40,[],[],[],[],[],Marino,,[],['#c2c2cc' '#343656'],[],[],Activa,[],,
Bata De Baño Uni Soft Rosa Matura,77493,Batas De Baño,Página 11 / Baño,VariantesDeColor,41,[],[],[],[],[],Rosa Matura,,[],['#f6e7e8' '#e2b1b3'],[],[],Activa,[],,
Salida De Baño Uni Tulum Rosé,88405,Salidas De Baño,Página 11 / Baño,Sublinea,42,[],[],[],[],[],Tulum Rosé,,[],[],[],[],Activa,[],,
Salida De Baño Uni Tulum Deep Rose,88397,Salidas De Baño,Página 11 / Baño,Sublinea,43,[],[],[],[],[],Tulum Deep Rose,,[],[],[],[],Activa,[],,
Toalla Para Cabeza Tulum Rosé,88406,Toallas Para Cabeza,Página 11 / Baño,Sublinea,44,[],[],[],[],[],Rosé,,[],[],[],[],Activa,[],,
Toalla Para Cabeza Tulum Deep Rose,88396,Toallas Para Cabeza,Página 11 / Baño,Sublinea,45,[],[],[],[],[],Deep Rose,,[],[],[],[],Activa,[],,
Toalla Para Cabeza Tulum Candy,88403,Toallas Para Cabeza,Página 11 / Baño,Sublinea,46,[],[],[],[],[],Candy,,[],[],[],[],Activa,[],,
Cortina De Baño Aqua,88410,Cortinas De Baño,Página 11 / Baño,Sublinea,47,[],[],[],[],[],Cortina De Aqua,,[],[],[],[],Activa,[],,
Cortina De Baño Zamia,86546,Cortinas De Baño,Página 11 / Baño,Sublinea,48,[],[],[],[],[],Cortina De Zamia,,[],[],[],[],Activa,[],,
Cortina De Baño Hojarasca,87418,Cortinas De Baño,Página 11 / Baño,Sublinea,49,[],[],[],[],[],Cortina De Hojarasca,,[],[],[],[],Activa,[],,
"Tubo Blanco 1,05A1,83",65182,Tubo Blanco,Página 11 / Baño,Sublinea,50,[],[],[],[],[],Tubo Blanco,,[],[],[],[],Activa,[],,
Tapete De Baño Soft Aqua,88409,Tapetes De Baño,Página 11 / Baño,VariantesDeColor,51,[],[],[],[],[],Aqua,,[],['#d0e2df' '#63a195'],[],[],Activa,[],,
Tapete De Baño Soft Gris Glacial,87622,Tapetes De Baño,Página 11 / Baño,VariantesDeColor,52,[],[],[],[],[],Gris Glacial,,[],['#e9e7e9' '#b6b0b6'],[],[],Activa,[],,
Tapete De Baño Soft Incienso,87623,Tapetes De Baño,Página 11 / Baño,VariantesDeColor,53,[],[],[],[],[],Incienso,,[],['#eae0d8' '#b9987f'],[],[],Activa,[],,
Vianney Home Velas 250 Gr Berry Mandarin,86728,Vianney Home Velas,Página 12 / Vialité,Sublinea,1,[],[],[],[],[],Berry Mandarin,,[],[],[],[],Activa,[],,
Vianney Home Velas 250 Gr Manzana-Canela,87886,Vianney Home Velas,Página 12 / Vialité,Sublinea,2,[],[],[],[],[],Manzana-Canela,,[],[],[],[],Activa,[],,
Vianney Home Velas 250 Gr Tropical,88654,Vianney Home Velas,Página 12 / Vialité,Sublinea,3,[],[],[],[],[],Tropical,,[],['INDIVIDUAL'],[],[],Activa,[],,
Difusor 60 Ml Manzana-Canela,57036,Difusores,Página 12 / Vialité,Sublinea,4,[],[],[],[],[],Manzana-Canela,,[],['INDIVIDUAL'],[],[],Activa,[],,
Difusor 60 Ml Frutos Rojos,77509,Difusores,Página 12 / Vialité,Sublinea,5,[],[],[],[],[],Frutos Rojos,,[],['INDIVIDUAL'],[],[],Activa,[],,
Difusor 60 Ml Lavanda,86682,Difusores,Página 12 / Vialité,Sublinea,6,[],[],[],[],[],Lavanda,,[],['INDIVIDUAL'],[],[],Activa,[],,
Difusor 60 Ml Berry Mandarin,87887,Difusores,Página 12 / Vialité,Sublinea,7,[],[],[],[],[],Berry Mandarin,,[],['INDIVIDUAL'],[],[],Activa,[],,
Difusor 60 Ml Floral Candy,88653,Difusores,Página 12 / Vialité,Sublinea,8,[],[],[],[],[],Floral Candy,,[],['INDIVIDUAL'],[],[],Activa,[],,
Protect 125 Ml Serenity,86852,Protect,Página 12 / Vialité,Sublinea,9,[],[],[],[],[],Serenity,,[],[],[],[],Activa,[],,
Protect 125 Ml Eucalité,86853,Protect,Página 12 / Vialité,Sublinea,10,[],[],[],[],[],Eucalité,,[],[],[],[],Activa,[],,
Repelente De Mosquitos 125 Ml,86855,Protect,Página 12 / Vialité,Sublinea,11,[],[],[],[],[],Repelente De Mosquitos ,,[],[],[],[],Activa,[],,
Protect 125 Ml Vialifresh,86854,Protect,Página 12 / Vialité,Sublinea,12,[],[],[],[],[],Vialifresh,,[],[],['vialifresh'],[],Activa,[],,
Bolsa De Regalo Vianney 24-25,88757,Bolsa De Regalo,Página 12 / Vialité,Sublinea,13,[],[],[],[],[],Bolsa De Regalo Vianney 24-25,,[],[],[],[],Activa,[],,
